name,actual_data,classifier_data
t3_3hlmik,"{'Openness': 0.096, 'Extraversion': 0.734, 'Anger': 0.796147, 'Sadness': 0.086458, 'Disgust': 0.063801, 'Conscientiousness': 0.192, 'Joy': 0.044035, 'Tentative': 0.418, 'Analytical': 0.031, 'Agreeableness': 0.816, 'Confident': 0.0, 'Emotional_Range': 0.779, 'Fear': 0.645757}","{'Openness': 0.0689896, 'Extraversion': 0.075538, 'Anger': 0.0497792, 'Disgust': 0.141611, 'Sadness': 0.0690523, 'Conscientiousness': 0.509901, 'Fear': 0.330602, 'Tentative': 0.48199, 'Analytical': 0.631902, 'Agreeableness': 0.56426, 'Confident': 0.8289, 'Emotional_Range': 0.0494432, 'Joy': 0.19592}"
t3_3h48tc,"{'Openness': 0.655, 'Extraversion': 0.295, 'Anger': 0.958856, 'Sadness': 0.039734, 'Disgust': 0.40215, 'Conscientiousness': 0.254, 'Joy': 0.040393, 'Tentative': 0.749, 'Analytical': 0.435, 'Agreeableness': 0.278, 'Confident': 0.0, 'Emotional_Range': 0.676, 'Fear': 0.99811}","{'Openness': 0.56163, 'Extraversion': 0.0468015, 'Anger': 0.112547, 'Disgust': 0.0657528, 'Sadness': 0.520338, 'Conscientiousness': 0.583265, 'Fear': 0.419532, 'Tentative': 0.112023, 'Analytical': 0.0572012, 'Agreeableness': 0.101502, 'Confident': 0.230064, 'Emotional_Range': 0.0444878, 'Joy': 0.365015}"
t3_3g46d6,"{'Openness': 0.108, 'Extraversion': 0.611, 'Anger': 0.594389, 'Sadness': 0.189756, 'Disgust': 0.178472, 'Conscientiousness': 0.055, 'Joy': 0.067782, 'Tentative': 0.076, 'Analytical': 0.508, 'Agreeableness': 0.686, 'Confident': 0.0, 'Emotional_Range': 0.921, 'Fear': 0.29788}","{'Openness': 0.117296, 'Extraversion': 0.11739, 'Anger': 0.0473473, 'Disgust': 0.0664904, 'Sadness': 0.547325, 'Conscientiousness': 0.163828, 'Fear': 0.56084, 'Tentative': 0.227483, 'Analytical': 0.103262, 'Agreeableness': 0.101876, 'Confident': 0.321955, 'Emotional_Range': 0.0653575, 'Joy': 0.0652464}"
t3_3ifw3v,"{'Openness': 0.58, 'Extraversion': 0.336, 'Anger': 0.724488, 'Sadness': 0.042966, 'Disgust': 0.045111, 'Conscientiousness': 0.235, 'Joy': 0.10607, 'Tentative': 0.501, 'Analytical': 0.197, 'Agreeableness': 0.37, 'Confident': 0.0, 'Emotional_Range': 0.736, 'Fear': 0.641481}","{'Openness': 0.253323, 'Extraversion': 0.0423861, 'Anger': 0.313175, 'Disgust': 0.087606, 'Sadness': 0.4324, 'Conscientiousness': 0.298043, 'Fear': 0.207562, 'Tentative': 0.122476, 'Analytical': 0.304531, 'Agreeableness': 0.125975, 'Confident': 0.150931, 'Emotional_Range': 0.263846, 'Joy': 0.233519}"
t3_43evty,"{'Openness': 0.438, 'Extraversion': 0.417, 'Anger': 0.701797, 'Sadness': 0.15248, 'Disgust': 0.05873, 'Conscientiousness': 0.285, 'Joy': 0.551628, 'Tentative': 0.673, 'Analytical': 0.0, 'Agreeableness': 0.367, 'Confident': 0.0, 'Emotional_Range': 0.759, 'Fear': 0.350572}","{'Openness': 0.567258, 'Extraversion': 0.0438613, 'Anger': 0.0695814, 'Disgust': 0.0754284, 'Sadness': 0.0662116, 'Conscientiousness': 0.396423, 'Fear': 0.139519, 'Tentative': 0.0446, 'Analytical': 0.650258, 'Agreeableness': 0.0469964, 'Confident': 0.508617, 'Emotional_Range': 0.197403, 'Joy': 0.51977}"
t3_3gwjwl,"{'Openness': 0.215, 'Extraversion': 0.706, 'Anger': 0.552412, 'Sadness': 0.186815, 'Disgust': 0.211974, 'Conscientiousness': 0.056, 'Joy': 0.042974, 'Tentative': 0.425, 'Analytical': 0.0, 'Agreeableness': 0.559, 'Confident': 0.0, 'Emotional_Range': 0.872, 'Fear': 0.876392}","{'Openness': 0.198672, 'Extraversion': 0.371479, 'Anger': 0.197898, 'Disgust': 0.380943, 'Sadness': 0.355381, 'Conscientiousness': 0.151309, 'Fear': 0.160559, 'Tentative': 0.532615, 'Analytical': 0.103791, 'Agreeableness': 0.319515, 'Confident': 0.731171, 'Emotional_Range': 0.312066, 'Joy': 0.433312}"
t3_3gplnx,"{'Openness': 0.628, 'Extraversion': 0.424, 'Anger': 0.935181, 'Sadness': 0.039716, 'Disgust': 0.069467, 'Conscientiousness': 0.309, 'Joy': 0.057354, 'Tentative': 0.0, 'Analytical': 0.225, 'Agreeableness': 0.305, 'Confident': 0.267, 'Emotional_Range': 0.644, 'Fear': 0.410881}","{'Openness': 0.497664, 'Extraversion': 0.0826814, 'Anger': 0.249, 'Disgust': 0.246911, 'Sadness': 0.535704, 'Conscientiousness': 0.101235, 'Fear': 0.272838, 'Tentative': 0.216307, 'Analytical': 0.107072, 'Agreeableness': 0.145924, 'Confident': 0.0426622, 'Emotional_Range': 0.271558, 'Joy': 0.17963}"
t3_3i5jk2,"{'Openness': 0.337, 'Extraversion': 0.54, 'Anger': 0.925632, 'Sadness': 0.032717, 'Disgust': 0.232735, 'Conscientiousness': 0.167, 'Joy': 0.036298, 'Tentative': 0.716, 'Analytical': 0.002, 'Agreeableness': 0.426, 'Confident': 0.0, 'Emotional_Range': 0.788, 'Fear': 0.960985}","{'Openness': 0.0499018, 'Extraversion': 0.431318, 'Anger': 0.232309, 'Disgust': 0.548833, 'Sadness': 0.0675043, 'Conscientiousness': 0.336692, 'Fear': 0.557961, 'Tentative': 0.466878, 'Analytical': 0.0602331, 'Agreeableness': 0.368988, 'Confident': 0.0462408, 'Emotional_Range': 0.0584536, 'Joy': 0.0429113}"
t3_441xwi,"{'Openness': 0.325, 'Extraversion': 0.483, 'Anger': 0.834142, 'Sadness': 0.170565, 'Disgust': 0.154968, 'Conscientiousness': 0.361, 'Joy': 0.165531, 'Tentative': 0.715, 'Analytical': 0.516, 'Agreeableness': 0.497, 'Confident': 0.0, 'Emotional_Range': 0.71, 'Fear': 0.187396}","{'Openness': 0.135361, 'Extraversion': 0.27591, 'Anger': 0.252002, 'Disgust': 0.564759, 'Sadness': 0.229167, 'Conscientiousness': 0.473551, 'Fear': 0.152128, 'Tentative': 0.0773996, 'Analytical': 0.15984, 'Agreeableness': 0.0914174, 'Confident': 0.0700072, 'Emotional_Range': 0.0817331, 'Joy': 0.107805}"
t3_3gpgmb,"{'Openness': 0.303, 'Extraversion': 0.433, 'Anger': 0.62458, 'Sadness': 0.325991, 'Disgust': 0.049946, 'Conscientiousness': 0.222, 'Joy': 0.327941, 'Tentative': 0.0, 'Analytical': 0.0, 'Agreeableness': 0.461, 'Confident': 0.326, 'Emotional_Range': 0.745, 'Fear': 0.391215}","{'Openness': 0.553212, 'Extraversion': 0.334559, 'Anger': 0.253901, 'Disgust': 0.0896712, 'Sadness': 0.0504761, 'Conscientiousness': 0.463531, 'Fear': 0.454619, 'Tentative': 0.538248, 'Analytical': 0.122639, 'Agreeableness': 0.0935096, 'Confident': 0.126617, 'Emotional_Range': 0.0432055, 'Joy': 0.284532}"
t3_3xzspy,"{'Openness': 0.402, 'Extraversion': 0.429, 'Anger': 0.707295, 'Sadness': 0.062573, 'Disgust': 0.127522, 'Conscientiousness': 0.207, 'Joy': 0.053404, 'Tentative': 0.528, 'Analytical': 0.0, 'Agreeableness': 0.44, 'Confident': 0.0, 'Emotional_Range': 0.818, 'Fear': 0.389963}","{'Openness': 0.0628914, 'Extraversion': 0.425719, 'Anger': 0.0861892, 'Disgust': 0.367543, 'Sadness': 0.220944, 'Conscientiousness': 0.214468, 'Fear': 0.0628745, 'Tentative': 0.0464563, 'Analytical': 0.172083, 'Agreeableness': 0.276556, 'Confident': 0.868204, 'Emotional_Range': 0.269217, 'Joy': 0.244994}"
t3_4miqv4,"{'Openness': 0.282, 'Extraversion': 0.656, 'Anger': 0.688151, 'Sadness': 0.181835, 'Disgust': 0.415465, 'Conscientiousness': 0.137, 'Joy': 0.046141, 'Tentative': 0.624, 'Analytical': 0.717, 'Agreeableness': 0.68, 'Confident': 0.0, 'Emotional_Range': 0.734, 'Fear': 0.538926}","{'Openness': 0.082888, 'Extraversion': 0.405355, 'Anger': 0.394549, 'Disgust': 0.0457966, 'Sadness': 0.340121, 'Conscientiousness': 0.343079, 'Fear': 0.0673617, 'Tentative': 0.137614, 'Analytical': 0.0557356, 'Agreeableness': 0.232403, 'Confident': 0.296379, 'Emotional_Range': 0.286463, 'Joy': 0.209579}"
t3_3hzxk3,"{'Openness': 0.314, 'Extraversion': 0.531, 'Anger': 0.661551, 'Sadness': 0.262818, 'Disgust': 0.451736, 'Conscientiousness': 0.089, 'Joy': 0.034577, 'Tentative': 0.0, 'Analytical': 0.35, 'Agreeableness': 0.393, 'Confident': 0.28, 'Emotional_Range': 0.844, 'Fear': 0.39428}","{'Openness': 0.581745, 'Extraversion': 0.0432864, 'Anger': 0.0755509, 'Disgust': 0.0467922, 'Sadness': 0.0880316, 'Conscientiousness': 0.478577, 'Fear': 0.0599481, 'Tentative': 0.0472173, 'Analytical': 0.0584023, 'Agreeableness': 0.0744355, 'Confident': 0.866076, 'Emotional_Range': 0.127958, 'Joy': 0.524789}"
t3_4asw5f,"{'Openness': 0.236, 'Extraversion': 0.57, 'Anger': 0.909167, 'Sadness': 0.047683, 'Disgust': 0.160459, 'Conscientiousness': 0.19, 'Joy': 0.043342, 'Tentative': 0.0, 'Analytical': 0.0, 'Agreeableness': 0.542, 'Confident': 0.524, 'Emotional_Range': 0.919, 'Fear': 0.448198}","{'Openness': 0.513333, 'Extraversion': 0.0703255, 'Anger': 0.508421, 'Disgust': 0.219878, 'Sadness': 0.229955, 'Conscientiousness': 0.501385, 'Fear': 0.0695941, 'Tentative': 0.582792, 'Analytical': 0.207579, 'Agreeableness': 0.103002, 'Confident': 0.0717794, 'Emotional_Range': 0.155708, 'Joy': 0.0691321}"
t3_3hl57d,"{'Openness': 0.475, 'Extraversion': 0.438, 'Anger': 0.542328, 'Sadness': 0.047011, 'Disgust': 0.100267, 'Conscientiousness': 0.221, 'Joy': 0.514931, 'Tentative': 0.736, 'Analytical': 0.0, 'Agreeableness': 0.494, 'Confident': 0.0, 'Emotional_Range': 0.711, 'Fear': 0.39083}","{'Openness': 0.183977, 'Extraversion': 0.133628, 'Anger': 0.197731, 'Disgust': 0.108621, 'Sadness': 0.306427, 'Conscientiousness': 0.247689, 'Fear': 0.144662, 'Tentative': 0.082424, 'Analytical': 0.0802658, 'Agreeableness': 0.401488, 'Confident': 0.125171, 'Emotional_Range': 0.131804, 'Joy': 0.0833787}"
t3_3i4jfv,"{'Openness': 0.294, 'Extraversion': 0.418, 'Anger': 0.712583, 'Sadness': 0.069135, 'Disgust': 0.135797, 'Conscientiousness': 0.194, 'Joy': 0.400112, 'Tentative': 0.428, 'Analytical': 0.535, 'Agreeableness': 0.524, 'Confident': 0.0, 'Emotional_Range': 0.857, 'Fear': 0.89529}","{'Openness': 0.409296, 'Extraversion': 0.215955, 'Anger': 0.435873, 'Disgust': 0.128647, 'Sadness': 0.143238, 'Conscientiousness': 0.336716, 'Fear': 0.422646, 'Tentative': 0.0508212, 'Analytical': 0.0994812, 'Agreeableness': 0.358311, 'Confident': 0.50063, 'Emotional_Range': 0.067002, 'Joy': 0.122357}"
t3_4ib5hb,"{'Openness': 0.339, 'Extraversion': 0.652, 'Anger': 0.565936, 'Sadness': 0.080478, 'Disgust': 0.251057, 'Conscientiousness': 0.139, 'Joy': 0.254172, 'Tentative': 0.849, 'Analytical': 0.014, 'Agreeableness': 0.635, 'Confident': 0.0, 'Emotional_Range': 0.705, 'Fear': 0.515525}","{'Openness': 0.198461, 'Extraversion': 0.17861, 'Anger': 0.114706, 'Disgust': 0.0977233, 'Sadness': 0.11085, 'Conscientiousness': 0.467511, 'Fear': 0.252996, 'Tentative': 0.0711435, 'Analytical': 0.375032, 'Agreeableness': 0.500131, 'Confident': 0.256417, 'Emotional_Range': 0.210043, 'Joy': 0.559688}"
t3_3hul3p,"{'Openness': 0.412, 'Extraversion': 0.373, 'Anger': 0.984172, 'Sadness': 0.036051, 'Disgust': 0.462024, 'Conscientiousness': 0.183, 'Joy': 0.048459, 'Tentative': 0.613, 'Analytical': 0.062, 'Agreeableness': 0.442, 'Confident': 0.0, 'Emotional_Range': 0.798, 'Fear': 0.201023}","{'Openness': 0.472639, 'Extraversion': 0.061739, 'Anger': 0.564982, 'Disgust': 0.0789562, 'Sadness': 0.0562176, 'Conscientiousness': 0.502938, 'Fear': 0.360756, 'Tentative': 0.240767, 'Analytical': 0.679685, 'Agreeableness': 0.0685802, 'Confident': 0.0373291, 'Emotional_Range': 0.0630281, 'Joy': 0.0602658}"
t3_4au3y5,"{'Openness': 0.512, 'Extraversion': 0.558, 'Anger': 0.247674, 'Sadness': 0.030811, 'Disgust': 0.415887, 'Conscientiousness': 0.264, 'Joy': 0.053372, 'Tentative': 0.202, 'Analytical': 0.169, 'Agreeableness': 0.319, 'Confident': 0.0, 'Emotional_Range': 0.53, 'Fear': 0.546428}","{'Openness': 0.0724196, 'Extraversion': 0.4718, 'Anger': 0.217943, 'Disgust': 0.0732896, 'Sadness': 0.30646, 'Conscientiousness': 0.171416, 'Fear': 0.159427, 'Tentative': 0.250858, 'Analytical': 0.16596, 'Agreeableness': 0.555944, 'Confident': 0.0447005, 'Emotional_Range': 0.273601, 'Joy': 0.0795891}"
t3_4dcrxq,"{'Openness': 0.26, 'Extraversion': 0.722, 'Anger': 0.9764, 'Sadness': 0.061086, 'Disgust': 0.445713, 'Conscientiousness': 0.039, 'Joy': 0.035954, 'Tentative': 0.924, 'Analytical': 0.0, 'Agreeableness': 0.434, 'Confident': 0.0, 'Emotional_Range': 0.89, 'Fear': 0.100423}","{'Openness': 0.469478, 'Extraversion': 0.0512643, 'Anger': 0.559445, 'Disgust': 0.0493581, 'Sadness': 0.153759, 'Conscientiousness': 0.142974, 'Fear': 0.554525, 'Tentative': 0.0446346, 'Analytical': 0.222417, 'Agreeableness': 0.0565955, 'Confident': 0.0716647, 'Emotional_Range': 0.181576, 'Joy': 0.127428}"
t3_3g2bx2,"{'Openness': 0.067, 'Extraversion': 0.72, 'Anger': 0.624593, 'Sadness': 0.121569, 'Disgust': 0.127598, 'Conscientiousness': 0.049, 'Joy': 0.07023, 'Tentative': 0.556, 'Analytical': 0.0, 'Agreeableness': 0.703, 'Confident': 0.0, 'Emotional_Range': 0.867, 'Fear': 0.277788}","{'Openness': 0.379158, 'Extraversion': 0.199356, 'Anger': 0.138345, 'Disgust': 0.480671, 'Sadness': 0.3596, 'Conscientiousness': 0.24416, 'Fear': 0.113148, 'Tentative': 0.53774, 'Analytical': 0.0464795, 'Agreeableness': 0.109163, 'Confident': 0.0961867, 'Emotional_Range': 0.171457, 'Joy': 0.067078}"
t3_3i90xt,"{'Openness': 0.045, 'Extraversion': 0.909, 'Anger': 0.940608, 'Sadness': 0.161414, 'Disgust': 0.507273, 'Conscientiousness': 0.069, 'Joy': 0.038669, 'Tentative': 0.914, 'Analytical': 0.0, 'Agreeableness': 0.841, 'Confident': 0.0, 'Emotional_Range': 0.841, 'Fear': 0.036751}","{'Openness': 0.0624986, 'Extraversion': 0.294977, 'Anger': 0.115345, 'Disgust': 0.441078, 'Sadness': 0.0652701, 'Conscientiousness': 0.0539982, 'Fear': 0.324537, 'Tentative': 0.455142, 'Analytical': 0.471074, 'Agreeableness': 0.130506, 'Confident': 0.0577395, 'Emotional_Range': 0.421727, 'Joy': 0.0992888}"
t3_4nuo3s,"{'Openness': 0.505, 'Extraversion': 0.769, 'Anger': 0.968328, 'Sadness': 0.102455, 'Disgust': 0.185718, 'Conscientiousness': 0.458, 'Joy': 0.053413, 'Tentative': 0.236, 'Analytical': 0.0, 'Agreeableness': 0.489, 'Confident': 0.0, 'Emotional_Range': 0.298, 'Fear': 0.79456}","{'Openness': 0.270011, 'Extraversion': 0.065231, 'Anger': 0.380029, 'Disgust': 0.589217, 'Sadness': 0.138795, 'Conscientiousness': 0.0471661, 'Fear': 0.548364, 'Tentative': 0.206038, 'Analytical': 0.413877, 'Agreeableness': 0.064891, 'Confident': 0.0664307, 'Emotional_Range': 0.544548, 'Joy': 0.0474188}"
t3_3gzpvb,"{'Openness': 0.395, 'Extraversion': 0.347, 'Anger': 0.857972, 'Sadness': 0.027463, 'Disgust': 0.556594, 'Conscientiousness': 0.092, 'Joy': 0.042087, 'Tentative': 0.885, 'Analytical': 0.253, 'Agreeableness': 0.19, 'Confident': 0.0, 'Emotional_Range': 0.893, 'Fear': 0.024126}","{'Openness': 0.544943, 'Extraversion': 0.545965, 'Anger': 0.547732, 'Disgust': 0.548723, 'Sadness': 0.548692, 'Conscientiousness': 0.54852, 'Fear': 0.547714, 'Tentative': 0.557003, 'Analytical': 0.680967, 'Agreeableness': 0.553597, 'Confident': 0.0492063, 'Emotional_Range': 0.549875, 'Joy': 0.552142}"
t3_4nimm5,"{'Openness': 0.569, 'Extraversion': 0.476, 'Anger': 0.976287, 'Sadness': 0.073305, 'Disgust': 0.492976, 'Conscientiousness': 0.195, 'Joy': 0.03904, 'Tentative': 0.589, 'Analytical': 0.0, 'Agreeableness': 0.226, 'Confident': 0.0, 'Emotional_Range': 0.715, 'Fear': 0.250681}","{'Openness': 0.22624, 'Extraversion': 0.0868218, 'Anger': 0.287756, 'Disgust': 0.536345, 'Sadness': 0.418783, 'Conscientiousness': 0.190097, 'Fear': 0.108097, 'Tentative': 0.542757, 'Analytical': 0.0651943, 'Agreeableness': 0.0918795, 'Confident': 0.0409626, 'Emotional_Range': 0.305579, 'Joy': 0.0760377}"
t3_3hbr57,"{'Openness': 0.203, 'Extraversion': 0.896, 'Anger': 0.704939, 'Sadness': 0.069231, 'Disgust': 0.059498, 'Conscientiousness': 0.171, 'Joy': 0.065295, 'Tentative': 0.0, 'Analytical': 0.303, 'Agreeableness': 0.888, 'Confident': 0.138, 'Emotional_Range': 0.521, 'Fear': 0.484844}","{'Openness': 0.132754, 'Extraversion': 0.537897, 'Anger': 0.0966364, 'Disgust': 0.27572, 'Sadness': 0.379928, 'Conscientiousness': 0.156255, 'Fear': 0.254348, 'Tentative': 0.119047, 'Analytical': 0.0511931, 'Agreeableness': 0.562778, 'Confident': 0.122591, 'Emotional_Range': 0.139266, 'Joy': 0.0911992}"
t3_49rcb9,"{'Openness': 0.427, 'Extraversion': 0.556, 'Anger': 0.987847, 'Sadness': 0.054374, 'Disgust': 0.514752, 'Conscientiousness': 0.062, 'Joy': 0.05382, 'Tentative': 0.034, 'Analytical': 0.181, 'Agreeableness': 0.27, 'Confident': 0.0, 'Emotional_Range': 0.871, 'Fear': 0.155184}","{'Openness': 0.369884, 'Extraversion': 0.0566768, 'Anger': 0.352019, 'Disgust': 0.29626, 'Sadness': 0.211749, 'Conscientiousness': 0.166054, 'Fear': 0.14509, 'Tentative': 0.235092, 'Analytical': 0.347433, 'Agreeableness': 0.0745406, 'Confident': 0.116084, 'Emotional_Range': 0.0480792, 'Joy': 0.268746}"
t3_4iebn2,"{'Openness': 0.44, 'Extraversion': 0.448, 'Anger': 0.742379, 'Sadness': 0.032153, 'Disgust': 0.040728, 'Conscientiousness': 0.28, 'Joy': 0.05753, 'Tentative': 0.632, 'Analytical': 0.267, 'Agreeableness': 0.554, 'Confident': 0.0, 'Emotional_Range': 0.645, 'Fear': 0.076087}","{'Openness': 0.0885245, 'Extraversion': 0.0764673, 'Anger': 0.119734, 'Disgust': 0.531503, 'Sadness': 0.0470347, 'Conscientiousness': 0.176751, 'Fear': 0.505503, 'Tentative': 0.469712, 'Analytical': 0.135114, 'Agreeableness': 0.243098, 'Confident': 0.0735385, 'Emotional_Range': 0.451492, 'Joy': 0.0656282}"
t3_4kk7lr,"{'Openness': 0.362, 'Extraversion': 0.712, 'Anger': 0.546328, 'Sadness': 0.073847, 'Disgust': 0.044418, 'Conscientiousness': 0.207, 'Joy': 0.477962, 'Tentative': 0.18, 'Analytical': 0.0, 'Agreeableness': 0.702, 'Confident': 0.0, 'Emotional_Range': 0.637, 'Fear': 0.03809}","{'Openness': 0.149697, 'Extraversion': 0.137638, 'Anger': 0.0563805, 'Disgust': 0.0668914, 'Sadness': 0.243156, 'Conscientiousness': 0.406117, 'Fear': 0.0889511, 'Tentative': 0.238713, 'Analytical': 0.0918075, 'Agreeableness': 0.130867, 'Confident': 0.848746, 'Emotional_Range': 0.42175, 'Joy': 0.572834}"
t3_3gwdhn,"{'Openness': 0.122, 'Extraversion': 0.58, 'Anger': 0.99451, 'Sadness': 0.063739, 'Disgust': 0.263923, 'Conscientiousness': 0.045, 'Joy': 0.057614, 'Tentative': 0.864, 'Analytical': 0.121, 'Agreeableness': 0.725, 'Confident': 0.0, 'Emotional_Range': 0.941, 'Fear': 0.528633}","{'Openness': 0.103118, 'Extraversion': 0.287936, 'Anger': 0.480406, 'Disgust': 0.293825, 'Sadness': 0.376258, 'Conscientiousness': 0.162534, 'Fear': 0.0878727, 'Tentative': 0.11229, 'Analytical': 0.59145, 'Agreeableness': 0.102618, 'Confident': 0.666849, 'Emotional_Range': 0.517751, 'Joy': 0.131751}"
t3_45wz0d,"{'Openness': 0.298, 'Extraversion': 0.641, 'Anger': 0.760241, 'Sadness': 0.040389, 'Disgust': 0.044732, 'Conscientiousness': 0.267, 'Joy': 0.052139, 'Tentative': 0.695, 'Analytical': 0.187, 'Agreeableness': 0.563, 'Confident': 0.0, 'Emotional_Range': 0.67, 'Fear': 0.982306}","{'Openness': 0.342803, 'Extraversion': 0.0640235, 'Anger': 0.0822504, 'Disgust': 0.0644422, 'Sadness': 0.215233, 'Conscientiousness': 0.349988, 'Fear': 0.300549, 'Tentative': 0.501443, 'Analytical': 0.36563, 'Agreeableness': 0.0601308, 'Confident': 0.335319, 'Emotional_Range': 0.0494747, 'Joy': 0.173176}"
t3_46y8vm,"{'Openness': 0.114, 'Extraversion': 0.806, 'Anger': 0.876248, 'Sadness': 0.03655, 'Disgust': 0.373837, 'Conscientiousness': 0.174, 'Joy': 0.038943, 'Tentative': 0.139, 'Analytical': 0.0, 'Agreeableness': 0.697, 'Confident': 0.0, 'Emotional_Range': 0.739, 'Fear': 0.847979}","{'Openness': 0.204525, 'Extraversion': 0.448385, 'Anger': 0.494077, 'Disgust': 0.0848167, 'Sadness': 0.154451, 'Conscientiousness': 0.090484, 'Fear': 0.0466433, 'Tentative': 0.202644, 'Analytical': 0.0725391, 'Agreeableness': 0.0559589, 'Confident': 0.811022, 'Emotional_Range': 0.1187, 'Joy': 0.117872}"
t3_4830gd,"{'Openness': 0.47, 'Extraversion': 0.363, 'Anger': 0.750114, 'Sadness': 0.146654, 'Disgust': 0.05371, 'Conscientiousness': 0.425, 'Joy': 0.572482, 'Tentative': 0.0, 'Analytical': 0.0, 'Agreeableness': 0.416, 'Confident': 0.071, 'Emotional_Range': 0.742, 'Fear': 0.197326}","{'Openness': 0.556756, 'Extraversion': 0.0455701, 'Anger': 0.14477, 'Disgust': 0.0455451, 'Sadness': 0.223538, 'Conscientiousness': 0.377775, 'Fear': 0.0796944, 'Tentative': 0.246856, 'Analytical': 0.647938, 'Agreeableness': 0.048998, 'Confident': 0.0577769, 'Emotional_Range': 0.563566, 'Joy': 0.499737}"
t3_4mbqg7,"{'Openness': 0.111, 'Extraversion': 0.891, 'Anger': 0.605178, 'Sadness': 0.050823, 'Disgust': 0.144698, 'Conscientiousness': 0.124, 'Joy': 0.179382, 'Tentative': 0.0, 'Analytical': 0.0, 'Agreeableness': 0.807, 'Confident': 0.377, 'Emotional_Range': 0.833, 'Fear': 0.026939}","{'Openness': 0.128776, 'Extraversion': 0.448227, 'Anger': 0.363822, 'Disgust': 0.103918, 'Sadness': 0.0570044, 'Conscientiousness': 0.0911542, 'Fear': 0.296178, 'Tentative': 0.0629201, 'Analytical': 0.176167, 'Agreeableness': 0.125083, 'Confident': 0.407431, 'Emotional_Range': 0.0512223, 'Joy': 0.0522517}"
t3_3s33pw,"{'Openness': 0.132, 'Extraversion': 0.743, 'Anger': 0.558504, 'Sadness': 0.037162, 'Disgust': 0.108658, 'Conscientiousness': 0.135, 'Joy': 0.212013, 'Tentative': 0.827, 'Analytical': 0.0, 'Agreeableness': 0.79, 'Confident': 0.0, 'Emotional_Range': 0.89, 'Fear': 0.61844}","{'Openness': 0.146078, 'Extraversion': 0.321947, 'Anger': 0.164488, 'Disgust': 0.384202, 'Sadness': 0.0737284, 'Conscientiousness': 0.0552719, 'Fear': 0.0462623, 'Tentative': 0.0731307, 'Analytical': 0.0510313, 'Agreeableness': 0.0696349, 'Confident': 0.27021, 'Emotional_Range': 0.231119, 'Joy': 0.236848}"
t3_48xmm5,"{'Openness': 0.084, 'Extraversion': 0.684, 'Anger': 0.771098, 'Sadness': 0.038529, 'Disgust': 0.059399, 'Conscientiousness': 0.11, 'Joy': 0.113048, 'Tentative': 0.0, 'Analytical': 0.52, 'Agreeableness': 0.803, 'Confident': 0.077, 'Emotional_Range': 0.86, 'Fear': 0.041037}","{'Openness': 0.135937, 'Extraversion': 0.489075, 'Anger': 0.0577434, 'Disgust': 0.12268, 'Sadness': 0.0641905, 'Conscientiousness': 0.0965952, 'Fear': 0.44578, 'Tentative': 0.204958, 'Analytical': 0.0460204, 'Agreeableness': 0.0624909, 'Confident': 0.102601, 'Emotional_Range': 0.0931596, 'Joy': 0.144889}"
t3_4cxvco,"{'Openness': 0.136, 'Extraversion': 0.741, 'Anger': 0.730469, 'Sadness': 0.039086, 'Disgust': 0.059945, 'Conscientiousness': 0.171, 'Joy': 0.05491, 'Tentative': 0.671, 'Analytical': 0.083, 'Agreeableness': 0.833, 'Confident': 0.0, 'Emotional_Range': 0.82, 'Fear': 0.036822}","{'Openness': 0.269913, 'Extraversion': 0.296952, 'Anger': 0.108365, 'Disgust': 0.223273, 'Sadness': 0.134824, 'Conscientiousness': 0.0925431, 'Fear': 0.0755636, 'Tentative': 0.249921, 'Analytical': 0.0573808, 'Agreeableness': 0.281232, 'Confident': 0.730316, 'Emotional_Range': 0.578443, 'Joy': 0.0783904}"
t3_46ahkv,"{'Openness': 0.303, 'Extraversion': 0.726, 'Anger': 0.887228, 'Sadness': 0.045292, 'Disgust': 0.062461, 'Conscientiousness': 0.098, 'Joy': 0.061339, 'Tentative': 0.392, 'Analytical': 0.33, 'Agreeableness': 0.655, 'Confident': 0.0, 'Emotional_Range': 0.732, 'Fear': 0.429563}","{'Openness': 0.582215, 'Extraversion': 0.0508469, 'Anger': 0.0610047, 'Disgust': 0.257441, 'Sadness': 0.451182, 'Conscientiousness': 0.554821, 'Fear': 0.0447382, 'Tentative': 0.32663, 'Analytical': 0.556549, 'Agreeableness': 0.157333, 'Confident': 0.738806, 'Emotional_Range': 0.0518057, 'Joy': 0.49587}"
t3_4nmiki,"{'Openness': 0.498, 'Extraversion': 0.327, 'Anger': 0.954466, 'Sadness': 0.044963, 'Disgust': 0.123473, 'Conscientiousness': 0.271, 'Joy': 0.532071, 'Tentative': 0.0, 'Analytical': 0.0, 'Agreeableness': 0.329, 'Confident': 0.166, 'Emotional_Range': 0.775, 'Fear': 0.420589}","{'Openness': 0.475658, 'Extraversion': 0.0450936, 'Anger': 0.0775014, 'Disgust': 0.236982, 'Sadness': 0.259362, 'Conscientiousness': 0.199044, 'Fear': 0.0548325, 'Tentative': 0.188519, 'Analytical': 0.10938, 'Agreeableness': 0.044511, 'Confident': 0.170252, 'Emotional_Range': 0.319934, 'Joy': 0.501462}"
t3_4gkqzg,"{'Openness': 0.201, 'Extraversion': 0.618, 'Anger': 0.699777, 'Sadness': 0.165902, 'Disgust': 0.338071, 'Conscientiousness': 0.084, 'Joy': 0.061975, 'Tentative': 0.714, 'Analytical': 0.0, 'Agreeableness': 0.614, 'Confident': 0.0, 'Emotional_Range': 0.855, 'Fear': 0.249243}","{'Openness': 0.528175, 'Extraversion': 0.0483527, 'Anger': 0.219877, 'Disgust': 0.200147, 'Sadness': 0.131304, 'Conscientiousness': 0.357634, 'Fear': 0.180805, 'Tentative': 0.261256, 'Analytical': 0.25354, 'Agreeableness': 0.0717808, 'Confident': 0.435088, 'Emotional_Range': 0.0489135, 'Joy': 0.458277}"
t3_3gck1h,"{'Openness': 0.052, 'Extraversion': 0.907, 'Anger': 0.711953, 'Sadness': 0.041108, 'Disgust': 0.352108, 'Conscientiousness': 0.095, 'Joy': 0.046959, 'Tentative': 0.165, 'Analytical': 0.22, 'Agreeableness': 0.878, 'Confident': 0.0, 'Emotional_Range': 0.833, 'Fear': 0.043623}","{'Openness': 0.0610872, 'Extraversion': 0.11017, 'Anger': 0.483643, 'Disgust': 0.468827, 'Sadness': 0.0566138, 'Conscientiousness': 0.0470176, 'Fear': 0.0557906, 'Tentative': 0.107445, 'Analytical': 0.124191, 'Agreeableness': 0.086013, 'Confident': 0.200512, 'Emotional_Range': 0.583131, 'Joy': 0.291646}"
t3_3kjw6m,"{'Openness': 0.531, 'Extraversion': 0.245, 'Anger': 0.546107, 'Sadness': 0.06404, 'Disgust': 0.326229, 'Conscientiousness': 0.174, 'Joy': 0.105385, 'Tentative': 0.752, 'Analytical': 0.029, 'Agreeableness': 0.329, 'Confident': 0.0, 'Emotional_Range': 0.792, 'Fear': 0.687397}","{'Openness': 0.52034, 'Extraversion': 0.184665, 'Anger': 0.071521, 'Disgust': 0.0485758, 'Sadness': 0.0773191, 'Conscientiousness': 0.446814, 'Fear': 0.0445151, 'Tentative': 0.0474343, 'Analytical': 0.739653, 'Agreeableness': 0.0501823, 'Confident': 0.571677, 'Emotional_Range': 0.0691561, 'Joy': 0.53096}"
t3_4fmmxa,"{'Openness': 0.345, 'Extraversion': 0.583, 'Anger': 0.828396, 'Sadness': 0.202747, 'Disgust': 0.154615, 'Conscientiousness': 0.22, 'Joy': 0.039974, 'Tentative': 0.0, 'Analytical': 0.134, 'Agreeableness': 0.508, 'Confident': 0.007, 'Emotional_Range': 0.728, 'Fear': 0.844153}","{'Openness': 0.0931803, 'Extraversion': 0.341941, 'Anger': 0.226538, 'Disgust': 0.215183, 'Sadness': 0.160214, 'Conscientiousness': 0.341336, 'Fear': 0.11836, 'Tentative': 0.510551, 'Analytical': 0.245051, 'Agreeableness': 0.538656, 'Confident': 0.116367, 'Emotional_Range': 0.119855, 'Joy': 0.254124}"
t3_4mdvwc,"{'Openness': 0.322, 'Extraversion': 0.51, 'Anger': 0.70901, 'Sadness': 0.070964, 'Disgust': 0.100064, 'Conscientiousness': 0.24, 'Joy': 0.068366, 'Tentative': 0.842, 'Analytical': 0.252, 'Agreeableness': 0.677, 'Confident': 0.0, 'Emotional_Range': 0.659, 'Fear': 0.116671}","{'Openness': 0.146678, 'Extraversion': 0.442397, 'Anger': 0.0664013, 'Disgust': 0.501105, 'Sadness': 0.129847, 'Conscientiousness': 0.313549, 'Fear': 0.146043, 'Tentative': 0.270102, 'Analytical': 0.0905014, 'Agreeableness': 0.124788, 'Confident': 0.728064, 'Emotional_Range': 0.375388, 'Joy': 0.286286}"
t3_3hl3wn,"{'Openness': 0.087, 'Extraversion': 0.725, 'Anger': 0.775136, 'Sadness': 0.125925, 'Disgust': 0.440129, 'Conscientiousness': 0.028, 'Joy': 0.03598, 'Tentative': 0.756, 'Analytical': 0.018, 'Agreeableness': 0.603, 'Confident': 0.0, 'Emotional_Range': 0.938, 'Fear': 0.766359}","{'Openness': 0.542023, 'Extraversion': 0.0582704, 'Anger': 0.52608, 'Disgust': 0.530937, 'Sadness': 0.480352, 'Conscientiousness': 0.1378, 'Fear': 0.254372, 'Tentative': 0.0872595, 'Analytical': 0.130639, 'Agreeableness': 0.0517122, 'Confident': 0.169629, 'Emotional_Range': 0.184726, 'Joy': 0.044166}"
t3_3i30ju,"{'Openness': 0.332, 'Extraversion': 0.359, 'Anger': 0.539631, 'Sadness': 0.163162, 'Disgust': 0.045212, 'Conscientiousness': 0.394, 'Joy': 0.895942, 'Tentative': 0.71, 'Analytical': 0.195, 'Agreeableness': 0.443, 'Confident': 0.0, 'Emotional_Range': 0.752, 'Fear': 0.121913}","{'Openness': 0.567024, 'Extraversion': 0.0675532, 'Anger': 0.084136, 'Disgust': 0.281616, 'Sadness': 0.194523, 'Conscientiousness': 0.0525266, 'Fear': 0.436298, 'Tentative': 0.377982, 'Analytical': 0.616262, 'Agreeableness': 0.0433245, 'Confident': 0.189554, 'Emotional_Range': 0.445735, 'Joy': 0.52891}"
t3_3oc4gn,"{'Openness': 0.46, 'Extraversion': 0.75, 'Anger': 0.519132, 'Sadness': 0.121516, 'Disgust': 0.270308, 'Conscientiousness': 0.328, 'Joy': 0.039075, 'Tentative': 0.166, 'Analytical': 0.0, 'Agreeableness': 0.547, 'Confident': 0.0, 'Emotional_Range': 0.545, 'Fear': 0.343322}","{'Openness': 0.469244, 'Extraversion': 0.0448053, 'Anger': 0.107975, 'Disgust': 0.0736829, 'Sadness': 0.225164, 'Conscientiousness': 0.514285, 'Fear': 0.546358, 'Tentative': 0.104572, 'Analytical': 0.246343, 'Agreeableness': 0.105211, 'Confident': 0.147145, 'Emotional_Range': 0.123688, 'Joy': 0.105105}"
t3_4cklqp,"{'Openness': 0.135, 'Extraversion': 0.674, 'Anger': 0.650731, 'Sadness': 0.109363, 'Disgust': 0.145419, 'Conscientiousness': 0.032, 'Joy': 0.128347, 'Tentative': 0.802, 'Analytical': 0.011, 'Agreeableness': 0.299, 'Confident': 0.0, 'Emotional_Range': 0.95, 'Fear': 0.305815}","{'Openness': 0.251981, 'Extraversion': 0.123582, 'Anger': 0.063763, 'Disgust': 0.144138, 'Sadness': 0.42917, 'Conscientiousness': 0.0694659, 'Fear': 0.0472281, 'Tentative': 0.258919, 'Analytical': 0.0426424, 'Agreeableness': 0.0483648, 'Confident': 0.106742, 'Emotional_Range': 0.558579, 'Joy': 0.517157}"
t3_3icsg2,"{'Openness': 0.033, 'Extraversion': 0.835, 'Anger': 0.783894, 'Sadness': 0.186759, 'Disgust': 0.076481, 'Conscientiousness': 0.184, 'Joy': 0.046565, 'Tentative': 0.023, 'Analytical': 0.0, 'Agreeableness': 0.953, 'Confident': 0.0, 'Emotional_Range': 0.905, 'Fear': 0.46407}","{'Openness': 0.0638846, 'Extraversion': 0.581004, 'Anger': 0.319355, 'Disgust': 0.0854263, 'Sadness': 0.130908, 'Conscientiousness': 0.18038, 'Fear': 0.0460073, 'Tentative': 0.093968, 'Analytical': 0.151117, 'Agreeableness': 0.509224, 'Confident': 0.212714, 'Emotional_Range': 0.0929987, 'Joy': 0.414175}"
t3_40mita,"{'Openness': 0.212, 'Extraversion': 0.848, 'Anger': 0.977439, 'Sadness': 0.102623, 'Disgust': 0.318568, 'Conscientiousness': 0.343, 'Joy': 0.046465, 'Tentative': 0.659, 'Analytical': 0.0, 'Agreeableness': 0.851, 'Confident': 0.0, 'Emotional_Range': 0.349, 'Fear': 0.16824}","{'Openness': 0.273414, 'Extraversion': 0.190774, 'Anger': 0.0473103, 'Disgust': 0.0653969, 'Sadness': 0.281517, 'Conscientiousness': 0.20229, 'Fear': 0.0520595, 'Tentative': 0.374174, 'Analytical': 0.0453376, 'Agreeableness': 0.189641, 'Confident': 0.13124, 'Emotional_Range': 0.267577, 'Joy': 0.234016}"
t3_3h72i6,"{'Openness': 0.074, 'Extraversion': 0.674, 'Anger': 0.819425, 'Sadness': 0.258359, 'Disgust': 0.201775, 'Conscientiousness': 0.085, 'Joy': 0.031446, 'Tentative': 0.596, 'Analytical': 0.0, 'Agreeableness': 0.722, 'Confident': 0.0, 'Emotional_Range': 0.862, 'Fear': 0.50914}","{'Openness': 0.269685, 'Extraversion': 0.529926, 'Anger': 0.582751, 'Disgust': 0.383369, 'Sadness': 0.471417, 'Conscientiousness': 0.0545616, 'Fear': 0.44495, 'Tentative': 0.186993, 'Analytical': 0.0506468, 'Agreeableness': 0.486439, 'Confident': 0.0449918, 'Emotional_Range': 0.352719, 'Joy': 0.0471598}"
t3_3jnkx2,"{'Openness': 0.064, 'Extraversion': 0.693, 'Anger': 0.544053, 'Sadness': 0.057823, 'Disgust': 0.045199, 'Conscientiousness': 0.169, 'Joy': 0.0645, 'Tentative': 0.0, 'Analytical': 0.04, 'Agreeableness': 0.882, 'Confident': 0.084, 'Emotional_Range': 0.952, 'Fear': 0.575306}","{'Openness': 0.0646157, 'Extraversion': 0.566987, 'Anger': 0.151758, 'Disgust': 0.374098, 'Sadness': 0.310578, 'Conscientiousness': 0.373805, 'Fear': 0.141148, 'Tentative': 0.574863, 'Analytical': 0.0429069, 'Agreeableness': 0.557278, 'Confident': 0.0369241, 'Emotional_Range': 0.0584522, 'Joy': 0.0772183}"
t3_4mq25f,"{'Openness': 0.202, 'Extraversion': 0.607, 'Anger': 0.746541, 'Sadness': 0.283983, 'Disgust': 0.07799, 'Conscientiousness': 0.063, 'Joy': 0.203552, 'Tentative': 0.845, 'Analytical': 0.329, 'Agreeableness': 0.708, 'Confident': 0.0, 'Emotional_Range': 0.885, 'Fear': 0.163148}","{'Openness': 0.277314, 'Extraversion': 0.0949822, 'Anger': 0.0438372, 'Disgust': 0.063415, 'Sadness': 0.182156, 'Conscientiousness': 0.468494, 'Fear': 0.0652959, 'Tentative': 0.0773869, 'Analytical': 0.0826297, 'Agreeableness': 0.14349, 'Confident': 0.738363, 'Emotional_Range': 0.21957, 'Joy': 0.481423}"
t3_4dmun2,"{'Openness': 0.729, 'Extraversion': 0.303, 'Anger': 0.888754, 'Sadness': 0.100465, 'Disgust': 0.078106, 'Conscientiousness': 0.488, 'Joy': 0.323257, 'Tentative': 0.0, 'Analytical': 0.0, 'Agreeableness': 0.282, 'Confident': 0.0, 'Emotional_Range': 0.285, 'Fear': 0.405449}","{'Openness': 0.594572, 'Extraversion': 0.0418843, 'Anger': 0.469274, 'Disgust': 0.535563, 'Sadness': 0.0746648, 'Conscientiousness': 0.0688022, 'Fear': 0.532807, 'Tentative': 0.0573357, 'Analytical': 0.19249, 'Agreeableness': 0.041927, 'Confident': 0.956228, 'Emotional_Range': 0.562305, 'Joy': 0.431804}"
t3_3h6uv3,"{'Openness': 0.264, 'Extraversion': 0.518, 'Anger': 0.563256, 'Sadness': 0.057469, 'Disgust': 0.047377, 'Conscientiousness': 0.236, 'Joy': 0.362253, 'Tentative': 0.333, 'Analytical': 0.026, 'Agreeableness': 0.665, 'Confident': 0.0, 'Emotional_Range': 0.832, 'Fear': 0.709517}","{'Openness': 0.424812, 'Extraversion': 0.0885858, 'Anger': 0.0587913, 'Disgust': 0.0421088, 'Sadness': 0.0501365, 'Conscientiousness': 0.426344, 'Fear': 0.0499071, 'Tentative': 0.410874, 'Analytical': 0.0771878, 'Agreeableness': 0.16367, 'Confident': 0.273352, 'Emotional_Range': 0.205826, 'Joy': 0.558716}"
t3_4ji0t1,"{'Openness': 0.39, 'Extraversion': 0.641, 'Anger': 0.53029, 'Sadness': 0.043597, 'Disgust': 0.046882, 'Conscientiousness': 0.214, 'Joy': 0.522796, 'Tentative': 0.238, 'Analytical': 0.102, 'Agreeableness': 0.524, 'Confident': 0.0, 'Emotional_Range': 0.761, 'Fear': 0.402812}","{'Openness': 0.213273, 'Extraversion': 0.105794, 'Anger': 0.0484448, 'Disgust': 0.357426, 'Sadness': 0.414501, 'Conscientiousness': 0.260275, 'Fear': 0.0532406, 'Tentative': 0.454481, 'Analytical': 0.0741295, 'Agreeableness': 0.117027, 'Confident': 0.353069, 'Emotional_Range': 0.410201, 'Joy': 0.405239}"
t3_4b3bqm,"{'Openness': 0.228, 'Extraversion': 0.416, 'Anger': 0.929272, 'Sadness': 0.059018, 'Disgust': 0.058137, 'Conscientiousness': 0.087, 'Joy': 0.039291, 'Tentative': 0.717, 'Analytical': 0.0, 'Agreeableness': 0.385, 'Confident': 0.0, 'Emotional_Range': 0.876, 'Fear': 0.864632}","{'Openness': 0.539723, 'Extraversion': 0.0637435, 'Anger': 0.0850241, 'Disgust': 0.0599211, 'Sadness': 0.102179, 'Conscientiousness': 0.557592, 'Fear': 0.111127, 'Tentative': 0.0909081, 'Analytical': 0.660486, 'Agreeableness': 0.0767922, 'Confident': 0.114679, 'Emotional_Range': 0.0661708, 'Joy': 0.183598}"
t3_3jn67x,"{'Openness': 0.216, 'Extraversion': 0.529, 'Anger': 0.963435, 'Sadness': 0.14437, 'Disgust': 0.384882, 'Conscientiousness': 0.192, 'Joy': 0.036303, 'Tentative': 0.706, 'Analytical': 0.0, 'Agreeableness': 0.626, 'Confident': 0.0, 'Emotional_Range': 0.898, 'Fear': 0.334528}","{'Openness': 0.544943, 'Extraversion': 0.545965, 'Anger': 0.547732, 'Disgust': 0.548723, 'Sadness': 0.548692, 'Conscientiousness': 0.54852, 'Fear': 0.547714, 'Tentative': 0.557003, 'Analytical': 0.680967, 'Agreeableness': 0.553597, 'Confident': 0.0492063, 'Emotional_Range': 0.549875, 'Joy': 0.552142}"
t3_3pci7c,"{'Openness': 0.303, 'Extraversion': 0.596, 'Anger': 0.968979, 'Sadness': 0.053529, 'Disgust': 0.470793, 'Conscientiousness': 0.09, 'Joy': 0.048558, 'Tentative': 0.32, 'Analytical': 0.344, 'Agreeableness': 0.595, 'Confident': 0.0, 'Emotional_Range': 0.778, 'Fear': 0.242401}","{'Openness': 0.409205, 'Extraversion': 0.0671807, 'Anger': 0.133792, 'Disgust': 0.0709173, 'Sadness': 0.140177, 'Conscientiousness': 0.321265, 'Fear': 0.564109, 'Tentative': 0.438841, 'Analytical': 0.105413, 'Agreeableness': 0.239361, 'Confident': 0.302192, 'Emotional_Range': 0.0715916, 'Joy': 0.0925042}"
t3_3snlng,"{'Openness': 0.18, 'Extraversion': 0.682, 'Anger': 0.782133, 'Sadness': 0.047402, 'Disgust': 0.061973, 'Conscientiousness': 0.123, 'Joy': 0.056331, 'Tentative': 0.192, 'Analytical': 0.107, 'Agreeableness': 0.627, 'Confident': 0.0, 'Emotional_Range': 0.868, 'Fear': 0.995135}","{'Openness': 0.156137, 'Extraversion': 0.420237, 'Anger': 0.217978, 'Disgust': 0.26915, 'Sadness': 0.0695785, 'Conscientiousness': 0.0534461, 'Fear': 0.118017, 'Tentative': 0.0753499, 'Analytical': 0.487708, 'Agreeableness': 0.295559, 'Confident': 0.0677334, 'Emotional_Range': 0.394762, 'Joy': 0.14114}"
t3_3tidwg,"{'Openness': 0.16, 'Extraversion': 0.654, 'Anger': 0.697745, 'Sadness': 0.186689, 'Disgust': 0.09294, 'Conscientiousness': 0.074, 'Joy': 0.045791, 'Tentative': 0.652, 'Analytical': 0.0, 'Agreeableness': 0.714, 'Confident': 0.0, 'Emotional_Range': 0.894, 'Fear': 0.624811}","{'Openness': 0.0463206, 'Extraversion': 0.385272, 'Anger': 0.0996256, 'Disgust': 0.102575, 'Sadness': 0.115087, 'Conscientiousness': 0.28076, 'Fear': 0.0540142, 'Tentative': 0.407697, 'Analytical': 0.0512745, 'Agreeableness': 0.551599, 'Confident': 0.0714205, 'Emotional_Range': 0.370856, 'Joy': 0.424229}"
t3_3g4nz9,"{'Openness': 0.227, 'Extraversion': 0.874, 'Anger': 0.800132, 'Sadness': 0.212342, 'Disgust': 0.455821, 'Conscientiousness': 0.044, 'Joy': 0.042297, 'Tentative': 0.0, 'Analytical': 0.263, 'Agreeableness': 0.658, 'Confident': 0.583, 'Emotional_Range': 0.915, 'Fear': 0.392005}","{'Openness': 0.590818, 'Extraversion': 0.0489791, 'Anger': 0.232403, 'Disgust': 0.584256, 'Sadness': 0.160399, 'Conscientiousness': 0.320889, 'Fear': 0.36402, 'Tentative': 0.150713, 'Analytical': 0.0876607, 'Agreeableness': 0.0427932, 'Confident': 0.888711, 'Emotional_Range': 0.224602, 'Joy': 0.0482837}"
t3_3si1qb,"{'Openness': 0.177, 'Extraversion': 0.751, 'Anger': 0.733763, 'Sadness': 0.064097, 'Disgust': 0.940074, 'Conscientiousness': 0.055, 'Joy': 0.039756, 'Tentative': 0.122, 'Analytical': 0.268, 'Agreeableness': 0.645, 'Confident': 0.0, 'Emotional_Range': 0.865, 'Fear': 0.308449}","{'Openness': 0.241154, 'Extraversion': 0.418878, 'Anger': 0.428124, 'Disgust': 0.335185, 'Sadness': 0.0730607, 'Conscientiousness': 0.153875, 'Fear': 0.0968318, 'Tentative': 0.446126, 'Analytical': 0.204821, 'Agreeableness': 0.218047, 'Confident': 0.0434787, 'Emotional_Range': 0.111343, 'Joy': 0.0475134}"
t3_45jsv9,"{'Openness': 0.161, 'Extraversion': 0.836, 'Anger': 0.826095, 'Sadness': 0.200433, 'Disgust': 0.409317, 'Conscientiousness': 0.129, 'Joy': 0.032892, 'Tentative': 0.535, 'Analytical': 0.565, 'Agreeableness': 0.712, 'Confident': 0.0, 'Emotional_Range': 0.683, 'Fear': 0.416963}","{'Openness': 0.102068, 'Extraversion': 0.58879, 'Anger': 0.301599, 'Disgust': 0.539725, 'Sadness': 0.457309, 'Conscientiousness': 0.0837612, 'Fear': 0.0439055, 'Tentative': 0.119333, 'Analytical': 0.0830173, 'Agreeableness': 0.522268, 'Confident': 0.633291, 'Emotional_Range': 0.293907, 'Joy': 0.183061}"
t3_4fuglq,"{'Openness': 0.383, 'Extraversion': 0.553, 'Anger': 0.797563, 'Sadness': 0.083161, 'Disgust': 0.324989, 'Conscientiousness': 0.33, 'Joy': 0.047022, 'Tentative': 0.554, 'Analytical': 0.0, 'Agreeableness': 0.452, 'Confident': 0.0, 'Emotional_Range': 0.296, 'Fear': 0.306087}","{'Openness': 0.541787, 'Extraversion': 0.0536349, 'Anger': 0.19027, 'Disgust': 0.376591, 'Sadness': 0.435493, 'Conscientiousness': 0.153879, 'Fear': 0.44947, 'Tentative': 0.260157, 'Analytical': 0.114504, 'Agreeableness': 0.0622283, 'Confident': 0.046295, 'Emotional_Range': 0.0556709, 'Joy': 0.152715}"
t3_4axwwn,"{'Openness': 0.249, 'Extraversion': 0.613, 'Anger': 0.562424, 'Sadness': 0.128727, 'Disgust': 0.181457, 'Conscientiousness': 0.076, 'Joy': 0.041269, 'Tentative': 0.858, 'Analytical': 0.0, 'Agreeableness': 0.384, 'Confident': 0.0, 'Emotional_Range': 0.925, 'Fear': 0.530281}","{'Openness': 0.342279, 'Extraversion': 0.108615, 'Anger': 0.0527812, 'Disgust': 0.117115, 'Sadness': 0.31134, 'Conscientiousness': 0.351934, 'Fear': 0.377112, 'Tentative': 0.118752, 'Analytical': 0.444082, 'Agreeableness': 0.0741487, 'Confident': 0.655217, 'Emotional_Range': 0.138386, 'Joy': 0.509164}"
t3_3yo941,"{'Openness': 0.538, 'Extraversion': 0.511, 'Anger': 0.801673, 'Sadness': 0.028967, 'Disgust': 0.238388, 'Conscientiousness': 0.231, 'Joy': 0.199319, 'Tentative': 0.636, 'Analytical': 0.017, 'Agreeableness': 0.387, 'Confident': 0.0, 'Emotional_Range': 0.591, 'Fear': 0.29959}","{'Openness': 0.593875, 'Extraversion': 0.0560224, 'Anger': 0.239182, 'Disgust': 0.314156, 'Sadness': 0.250642, 'Conscientiousness': 0.384543, 'Fear': 0.265479, 'Tentative': 0.148378, 'Analytical': 0.668233, 'Agreeableness': 0.0425797, 'Confident': 0.343856, 'Emotional_Range': 0.0485481, 'Joy': 0.411931}"
t3_3q4z0x,"{'Openness': 0.386, 'Extraversion': 0.316, 'Anger': 0.645138, 'Sadness': 0.367136, 'Disgust': 0.070116, 'Conscientiousness': 0.256, 'Joy': 0.042812, 'Tentative': 0.506, 'Analytical': 0.0, 'Agreeableness': 0.347, 'Confident': 0.0, 'Emotional_Range': 0.735, 'Fear': 0.501188}","{'Openness': 0.546401, 'Extraversion': 0.0986338, 'Anger': 0.548307, 'Disgust': 0.215942, 'Sadness': 0.0502549, 'Conscientiousness': 0.137718, 'Fear': 0.548363, 'Tentative': 0.557419, 'Analytical': 0.0506482, 'Agreeableness': 0.0500471, 'Confident': 0.0564196, 'Emotional_Range': 0.048905, 'Joy': 0.0504104}"
t3_3i8wbm,"{'Openness': 0.273, 'Extraversion': 0.41, 'Anger': 0.621166, 'Sadness': 0.030715, 'Disgust': 0.498605, 'Conscientiousness': 0.103, 'Joy': 0.031592, 'Tentative': 0.912, 'Analytical': 0.075, 'Agreeableness': 0.433, 'Confident': 0.0, 'Emotional_Range': 0.897, 'Fear': 0.682656}","{'Openness': 0.576622, 'Extraversion': 0.0597531, 'Anger': 0.207786, 'Disgust': 0.444489, 'Sadness': 0.0806884, 'Conscientiousness': 0.104964, 'Fear': 0.592802, 'Tentative': 0.0931296, 'Analytical': 0.0456389, 'Agreeableness': 0.0443605, 'Confident': 0.0583533, 'Emotional_Range': 0.0592539, 'Joy': 0.104952}"
t3_4fy4h8,"{'Openness': 0.309, 'Extraversion': 0.514, 'Anger': 0.985574, 'Sadness': 0.046043, 'Disgust': 0.418619, 'Conscientiousness': 0.224, 'Joy': 0.04512, 'Tentative': 0.358, 'Analytical': 0.0, 'Agreeableness': 0.628, 'Confident': 0.0, 'Emotional_Range': 0.793, 'Fear': 0.289146}","{'Openness': 0.0707119, 'Extraversion': 0.210082, 'Anger': 0.571815, 'Disgust': 0.561222, 'Sadness': 0.226815, 'Conscientiousness': 0.441747, 'Fear': 0.566709, 'Tentative': 0.539562, 'Analytical': 0.160351, 'Agreeableness': 0.319493, 'Confident': 0.040985, 'Emotional_Range': 0.0813098, 'Joy': 0.0430188}"
t3_3hxi7t,"{'Openness': 0.484, 'Extraversion': 0.546, 'Anger': 0.822483, 'Sadness': 0.079097, 'Disgust': 0.040806, 'Conscientiousness': 0.265, 'Joy': 0.042625, 'Tentative': 0.194, 'Analytical': 0.0, 'Agreeableness': 0.468, 'Confident': 0.0, 'Emotional_Range': 0.649, 'Fear': 0.716435}","{'Openness': 0.118489, 'Extraversion': 0.484817, 'Anger': 0.310544, 'Disgust': 0.0526098, 'Sadness': 0.121211, 'Conscientiousness': 0.0685791, 'Fear': 0.121479, 'Tentative': 0.0729991, 'Analytical': 0.511266, 'Agreeableness': 0.122034, 'Confident': 0.455469, 'Emotional_Range': 0.333271, 'Joy': 0.123903}"
t3_44tgp4,"{'Openness': 0.452, 'Extraversion': 0.349, 'Anger': 0.59181, 'Sadness': 0.122175, 'Disgust': 0.259503, 'Conscientiousness': 0.163, 'Joy': 0.0418, 'Tentative': 0.437, 'Analytical': 0.275, 'Agreeableness': 0.407, 'Confident': 0.0, 'Emotional_Range': 0.761, 'Fear': 0.844744}","{'Openness': 0.350922, 'Extraversion': 0.226942, 'Anger': 0.134955, 'Disgust': 0.223659, 'Sadness': 0.518913, 'Conscientiousness': 0.118966, 'Fear': 0.450415, 'Tentative': 0.573671, 'Analytical': 0.116872, 'Agreeableness': 0.4578, 'Confident': 0.653352, 'Emotional_Range': 0.0497727, 'Joy': 0.0662703}"
t3_3i4m10,"{'Openness': 0.181, 'Extraversion': 0.709, 'Anger': 0.223488, 'Sadness': 0.042275, 'Disgust': 0.067111, 'Conscientiousness': 0.093, 'Joy': 0.052804, 'Tentative': 0.278, 'Analytical': 0.0, 'Agreeableness': 0.672, 'Confident': 0.0, 'Emotional_Range': 0.832, 'Fear': 0.986428}","{'Openness': 0.0699529, 'Extraversion': 0.534232, 'Anger': 0.0631034, 'Disgust': 0.125898, 'Sadness': 0.0828413, 'Conscientiousness': 0.127477, 'Fear': 0.0594699, 'Tentative': 0.08052, 'Analytical': 0.0512886, 'Agreeableness': 0.522892, 'Confident': 0.476185, 'Emotional_Range': 0.198447, 'Joy': 0.571493}"
t3_3gh00n,"{'Openness': 0.073, 'Extraversion': 0.904, 'Anger': 0.94244, 'Sadness': 0.092299, 'Disgust': 0.500736, 'Conscientiousness': 0.032, 'Joy': 0.038045, 'Tentative': 0.0, 'Analytical': 0.0, 'Agreeableness': 0.562, 'Confident': 0.204, 'Emotional_Range': 0.928, 'Fear': 0.051178}","{'Openness': 0.09467, 'Extraversion': 0.0807718, 'Anger': 0.0725642, 'Disgust': 0.216626, 'Sadness': 0.0748102, 'Conscientiousness': 0.133321, 'Fear': 0.523982, 'Tentative': 0.4675, 'Analytical': 0.102349, 'Agreeableness': 0.0527376, 'Confident': 0.171525, 'Emotional_Range': 0.443591, 'Joy': 0.0864906}"
t3_3gv72q,"{'Openness': 0.411, 'Extraversion': 0.136, 'Anger': 0.735505, 'Sadness': 0.045147, 'Disgust': 0.264567, 'Conscientiousness': 0.136, 'Joy': 0.821754, 'Tentative': 0.245, 'Analytical': 0.0, 'Agreeableness': 0.232, 'Confident': 0.0, 'Emotional_Range': 0.875, 'Fear': 0.020301}","{'Openness': 0.296344, 'Extraversion': 0.0442605, 'Anger': 0.104215, 'Disgust': 0.479046, 'Sadness': 0.385789, 'Conscientiousness': 0.259754, 'Fear': 0.0669034, 'Tentative': 0.460919, 'Analytical': 0.0569093, 'Agreeableness': 0.057003, 'Confident': 0.0395324, 'Emotional_Range': 0.49181, 'Joy': 0.0455746}"
t3_46o0ht,"{'Openness': 0.398, 'Extraversion': 0.538, 'Anger': 0.535641, 'Sadness': 0.094051, 'Disgust': 0.077589, 'Conscientiousness': 0.088, 'Joy': 0.244373, 'Tentative': 0.058, 'Analytical': 0.041, 'Agreeableness': 0.394, 'Confident': 0.0, 'Emotional_Range': 0.882, 'Fear': 0.038934}","{'Openness': 0.0546855, 'Extraversion': 0.546327, 'Anger': 0.153161, 'Disgust': 0.443244, 'Sadness': 0.585847, 'Conscientiousness': 0.0561037, 'Fear': 0.0639805, 'Tentative': 0.554251, 'Analytical': 0.061714, 'Agreeableness': 0.583229, 'Confident': 0.0772228, 'Emotional_Range': 0.129443, 'Joy': 0.160147}"
t3_4af0op,"{'Openness': 0.662, 'Extraversion': 0.292, 'Anger': 0.752226, 'Sadness': 0.140545, 'Disgust': 0.443326, 'Conscientiousness': 0.374, 'Joy': 0.029344, 'Tentative': 0.517, 'Analytical': 0.23, 'Agreeableness': 0.239, 'Confident': 0.0, 'Emotional_Range': 0.754, 'Fear': 0.948429}","{'Openness': 0.54795, 'Extraversion': 0.0668209, 'Anger': 0.072806, 'Disgust': 0.0888788, 'Sadness': 0.512801, 'Conscientiousness': 0.240208, 'Fear': 0.287082, 'Tentative': 0.273532, 'Analytical': 0.0820917, 'Agreeableness': 0.0927326, 'Confident': 0.420539, 'Emotional_Range': 0.163923, 'Joy': 0.225241}"
t3_4dzdfs,"{'Openness': 0.105, 'Extraversion': 0.866, 'Anger': 0.846131, 'Sadness': 0.200704, 'Disgust': 0.701633, 'Conscientiousness': 0.031, 'Joy': 0.029803, 'Tentative': 0.0, 'Analytical': 0.0, 'Agreeableness': 0.809, 'Confident': 0.153, 'Emotional_Range': 0.862, 'Fear': 0.375884}","{'Openness': 0.107322, 'Extraversion': 0.297335, 'Anger': 0.545992, 'Disgust': 0.450971, 'Sadness': 0.166886, 'Conscientiousness': 0.0644968, 'Fear': 0.138987, 'Tentative': 0.391379, 'Analytical': 0.0606408, 'Agreeableness': 0.19566, 'Confident': 0.0830119, 'Emotional_Range': 0.367125, 'Joy': 0.050393}"
t3_48dxvx,"{'Openness': 0.119, 'Extraversion': 0.569, 'Anger': 0.820923, 'Sadness': 0.041534, 'Disgust': 0.51315, 'Conscientiousness': 0.093, 'Joy': 0.036616, 'Tentative': 0.834, 'Analytical': 0.209, 'Agreeableness': 0.675, 'Confident': 0.0, 'Emotional_Range': 0.92, 'Fear': 0.823686}","{'Openness': 0.0521183, 'Extraversion': 0.561662, 'Anger': 0.107241, 'Disgust': 0.305865, 'Sadness': 0.22315, 'Conscientiousness': 0.271998, 'Fear': 0.0884392, 'Tentative': 0.2875, 'Analytical': 0.0800614, 'Agreeableness': 0.349513, 'Confident': 0.841164, 'Emotional_Range': 0.310557, 'Joy': 0.197439}"
t3_4f43g4,"{'Openness': 0.555, 'Extraversion': 0.391, 'Anger': 0.759942, 'Sadness': 0.114649, 'Disgust': 0.161201, 'Conscientiousness': 0.468, 'Joy': 0.464285, 'Tentative': 0.339, 'Analytical': 0.012, 'Agreeableness': 0.51, 'Confident': 0.0, 'Emotional_Range': 0.504, 'Fear': 0.288038}","{'Openness': 0.121358, 'Extraversion': 0.280276, 'Anger': 0.256355, 'Disgust': 0.0824164, 'Sadness': 0.083395, 'Conscientiousness': 0.554231, 'Fear': 0.0656007, 'Tentative': 0.0611633, 'Analytical': 0.700185, 'Agreeableness': 0.131662, 'Confident': 0.58538, 'Emotional_Range': 0.105567, 'Joy': 0.407835}"
t3_407l2t,"{'Openness': 0.129, 'Extraversion': 0.756, 'Anger': 0.79321, 'Sadness': 0.175984, 'Disgust': 0.177903, 'Conscientiousness': 0.101, 'Joy': 0.053578, 'Tentative': 0.0, 'Analytical': 0.007, 'Agreeableness': 0.719, 'Confident': 0.011, 'Emotional_Range': 0.891, 'Fear': 0.091861}","{'Openness': 0.163172, 'Extraversion': 0.564597, 'Anger': 0.529566, 'Disgust': 0.529324, 'Sadness': 0.500464, 'Conscientiousness': 0.0508553, 'Fear': 0.0777549, 'Tentative': 0.53742, 'Analytical': 0.0537327, 'Agreeableness': 0.274864, 'Confident': 0.0466292, 'Emotional_Range': 0.297622, 'Joy': 0.228599}"
t3_4mvovt,"{'Openness': 0.246, 'Extraversion': 0.381, 'Anger': 0.944948, 'Sadness': 0.08642, 'Disgust': 0.212165, 'Conscientiousness': 0.115, 'Joy': 0.039927, 'Tentative': 0.838, 'Analytical': 0.0, 'Agreeableness': 0.38, 'Confident': 0.0, 'Emotional_Range': 0.927, 'Fear': 0.058701}","{'Openness': 0.461284, 'Extraversion': 0.0861382, 'Anger': 0.186065, 'Disgust': 0.559627, 'Sadness': 0.0509499, 'Conscientiousness': 0.0723085, 'Fear': 0.154782, 'Tentative': 0.577186, 'Analytical': 0.112232, 'Agreeableness': 0.0912952, 'Confident': 0.0376762, 'Emotional_Range': 0.195676, 'Joy': 0.310503}"
t3_3acbe3,"{'Openness': 0.037, 'Extraversion': 0.958, 'Anger': 1.0, 'Sadness': 0.04447, 'Disgust': 0.497608, 'Conscientiousness': 0.016, 'Joy': 0.042564, 'Tentative': 0.567, 'Analytical': 0.0, 'Agreeableness': 0.675, 'Confident': 0.0, 'Emotional_Range': 0.916, 'Fear': 0.242887}","{'Openness': 0.122442, 'Extraversion': 0.0640632, 'Anger': 0.142519, 'Disgust': 0.233534, 'Sadness': 0.376577, 'Conscientiousness': 0.190329, 'Fear': 0.0451493, 'Tentative': 0.484975, 'Analytical': 0.0567695, 'Agreeableness': 0.129336, 'Confident': 0.479171, 'Emotional_Range': 0.132068, 'Joy': 0.0985897}"
t3_3hw7td,"{'Openness': 0.222, 'Extraversion': 0.599, 'Anger': 0.956596, 'Sadness': 0.05259, 'Disgust': 0.05457, 'Conscientiousness': 0.173, 'Joy': 0.060894, 'Tentative': 0.0, 'Analytical': 0.37, 'Agreeableness': 0.624, 'Confident': 0.081, 'Emotional_Range': 0.788, 'Fear': 0.049403}","{'Openness': 0.0480448, 'Extraversion': 0.416971, 'Anger': 0.0887503, 'Disgust': 0.302852, 'Sadness': 0.0433734, 'Conscientiousness': 0.172746, 'Fear': 0.0449827, 'Tentative': 0.0747536, 'Analytical': 0.301123, 'Agreeableness': 0.466089, 'Confident': 0.0558588, 'Emotional_Range': 0.505339, 'Joy': 0.198035}"
t3_3g61r0,"{'Openness': 0.726, 'Extraversion': 0.344, 'Anger': 0.542514, 'Sadness': 0.036262, 'Disgust': 0.19306, 'Conscientiousness': 0.23, 'Joy': 0.05051, 'Tentative': 0.885, 'Analytical': 0.0, 'Agreeableness': 0.203, 'Confident': 0.0, 'Emotional_Range': 0.726, 'Fear': 0.611219}","{'Openness': 0.0498173, 'Extraversion': 0.301993, 'Anger': 0.0540166, 'Disgust': 0.0599987, 'Sadness': 0.186629, 'Conscientiousness': 0.086221, 'Fear': 0.377757, 'Tentative': 0.268034, 'Analytical': 0.394388, 'Agreeableness': 0.36342, 'Confident': 0.120467, 'Emotional_Range': 0.0882195, 'Joy': 0.253717}"
t3_4ood3m,"{'Openness': 0.172, 'Extraversion': 0.648, 'Anger': 0.634947, 'Sadness': 0.163943, 'Disgust': 0.0727, 'Conscientiousness': 0.103, 'Joy': 0.203481, 'Tentative': 0.974, 'Analytical': 0.0, 'Agreeableness': 0.493, 'Confident': 0.0, 'Emotional_Range': 0.84, 'Fear': 0.263434}","{'Openness': 0.489712, 'Extraversion': 0.095855, 'Anger': 0.211688, 'Disgust': 0.209221, 'Sadness': 0.440967, 'Conscientiousness': 0.139656, 'Fear': 0.0475625, 'Tentative': 0.104391, 'Analytical': 0.0948453, 'Agreeableness': 0.0615593, 'Confident': 0.0948173, 'Emotional_Range': 0.216096, 'Joy': 0.0556013}"
t3_3an9rr,"{'Openness': 0.264, 'Extraversion': 0.775, 'Anger': 0.97907, 'Sadness': 0.051007, 'Disgust': 0.544137, 'Conscientiousness': 0.084, 'Joy': 0.045696, 'Tentative': 0.441, 'Analytical': 0.042, 'Agreeableness': 0.744, 'Confident': 0.0, 'Emotional_Range': 0.709, 'Fear': 0.038058}","{'Openness': 0.426844, 'Extraversion': 0.0620213, 'Anger': 0.319344, 'Disgust': 0.0515286, 'Sadness': 0.306505, 'Conscientiousness': 0.0689002, 'Fear': 0.115298, 'Tentative': 0.31224, 'Analytical': 0.14061, 'Agreeableness': 0.0613572, 'Confident': 0.0446957, 'Emotional_Range': 0.32767, 'Joy': 0.207717}"
t3_3u8elk,"{'Openness': 0.515, 'Extraversion': 0.29, 'Anger': 0.992217, 'Sadness': 0.106403, 'Disgust': 0.449809, 'Conscientiousness': 0.353, 'Joy': 0.041084, 'Tentative': 0.695, 'Analytical': 0.15, 'Agreeableness': 0.309, 'Confident': 0.0, 'Emotional_Range': 0.633, 'Fear': 0.052601}","{'Openness': 0.436235, 'Extraversion': 0.339204, 'Anger': 0.384365, 'Disgust': 0.373286, 'Sadness': 0.145257, 'Conscientiousness': 0.0936921, 'Fear': 0.191543, 'Tentative': 0.441137, 'Analytical': 0.0666021, 'Agreeableness': 0.0770549, 'Confident': 0.0387177, 'Emotional_Range': 0.108016, 'Joy': 0.0852045}"
t3_3hapoy,"{'Openness': 0.234, 'Extraversion': 0.564, 'Anger': 0.946114, 'Sadness': 0.040717, 'Disgust': 0.168341, 'Conscientiousness': 0.1, 'Joy': 0.039754, 'Tentative': 0.571, 'Analytical': 0.0, 'Agreeableness': 0.343, 'Confident': 0.0, 'Emotional_Range': 0.833, 'Fear': 0.032319}","{'Openness': 0.275616, 'Extraversion': 0.0830876, 'Anger': 0.41936, 'Disgust': 0.470722, 'Sadness': 0.443975, 'Conscientiousness': 0.0584349, 'Fear': 0.211397, 'Tentative': 0.370214, 'Analytical': 0.0536286, 'Agreeableness': 0.0454375, 'Confident': 0.0420822, 'Emotional_Range': 0.568758, 'Joy': 0.0585553}"
t3_4kut6f,"{'Openness': 0.163, 'Extraversion': 0.741, 'Anger': 0.664989, 'Sadness': 0.036146, 'Disgust': 0.207316, 'Conscientiousness': 0.094, 'Joy': 0.03382, 'Tentative': 0.0, 'Analytical': 0.0, 'Agreeableness': 0.48, 'Confident': 0.035, 'Emotional_Range': 0.83, 'Fear': 0.523377}","{'Openness': 0.439288, 'Extraversion': 0.0596561, 'Anger': 0.0494346, 'Disgust': 0.0424158, 'Sadness': 0.520476, 'Conscientiousness': 0.510719, 'Fear': 0.458239, 'Tentative': 0.0464046, 'Analytical': 0.350245, 'Agreeableness': 0.0719744, 'Confident': 0.939742, 'Emotional_Range': 0.0751112, 'Joy': 0.427892}"
t3_49daak,"{'Openness': 0.517, 'Extraversion': 0.254, 'Anger': 0.692559, 'Sadness': 0.155394, 'Disgust': 0.324746, 'Conscientiousness': 0.072, 'Joy': 0.06202, 'Tentative': 0.821, 'Analytical': 0.817, 'Agreeableness': 0.242, 'Confident': 0.0, 'Emotional_Range': 0.904, 'Fear': 0.157075}","{'Openness': 0.0851228, 'Extraversion': 0.0947396, 'Anger': 0.0925319, 'Disgust': 0.250729, 'Sadness': 0.380817, 'Conscientiousness': 0.431901, 'Fear': 0.441574, 'Tentative': 0.539475, 'Analytical': 0.489744, 'Agreeableness': 0.310666, 'Confident': 0.401972, 'Emotional_Range': 0.0446774, 'Joy': 0.203435}"
t3_3mzltj,"{'Openness': 0.251, 'Extraversion': 0.432, 'Anger': 0.548131, 'Sadness': 0.030948, 'Disgust': 0.196735, 'Conscientiousness': 0.104, 'Joy': 0.057899, 'Tentative': 0.304, 'Analytical': 0.0, 'Agreeableness': 0.419, 'Confident': 0.0, 'Emotional_Range': 0.913, 'Fear': 0.730972}","{'Openness': 0.502419, 'Extraversion': 0.287139, 'Anger': 0.317358, 'Disgust': 0.0863469, 'Sadness': 0.0501308, 'Conscientiousness': 0.0801806, 'Fear': 0.153779, 'Tentative': 0.109755, 'Analytical': 0.0626333, 'Agreeableness': 0.0515273, 'Confident': 0.186769, 'Emotional_Range': 0.300972, 'Joy': 0.0722358}"
t3_41k8ww,"{'Openness': 0.163, 'Extraversion': 0.856, 'Anger': 0.773582, 'Sadness': 0.049904, 'Disgust': 0.057802, 'Conscientiousness': 0.11, 'Joy': 0.056015, 'Tentative': 0.0, 'Analytical': 0.612, 'Agreeableness': 0.752, 'Confident': 0.149, 'Emotional_Range': 0.777, 'Fear': 0.096863}","{'Openness': 0.0445184, 'Extraversion': 0.591756, 'Anger': 0.48573, 'Disgust': 0.205807, 'Sadness': 0.186402, 'Conscientiousness': 0.0464703, 'Fear': 0.111597, 'Tentative': 0.531221, 'Analytical': 0.509518, 'Agreeableness': 0.546736, 'Confident': 0.0380799, 'Emotional_Range': 0.511863, 'Joy': 0.0855097}"
t3_3hb63w,"{'Openness': 0.226, 'Extraversion': 0.719, 'Anger': 0.942283, 'Sadness': 0.042693, 'Disgust': 0.410996, 'Conscientiousness': 0.079, 'Joy': 0.03792, 'Tentative': 0.618, 'Analytical': 0.0, 'Agreeableness': 0.465, 'Confident': 0.0, 'Emotional_Range': 0.855, 'Fear': 0.634653}","{'Openness': 0.122701, 'Extraversion': 0.214166, 'Anger': 0.137596, 'Disgust': 0.212829, 'Sadness': 0.364011, 'Conscientiousness': 0.295633, 'Fear': 0.546507, 'Tentative': 0.461972, 'Analytical': 0.589267, 'Agreeableness': 0.271572, 'Confident': 0.0509925, 'Emotional_Range': 0.114743, 'Joy': 0.230132}"
t3_44nfm4,"{'Openness': 0.312, 'Extraversion': 0.558, 'Anger': 0.808388, 'Sadness': 0.064017, 'Disgust': 0.407616, 'Conscientiousness': 0.06, 'Joy': 0.035154, 'Tentative': 0.914, 'Analytical': 0.0, 'Agreeableness': 0.296, 'Confident': 0.0, 'Emotional_Range': 0.869, 'Fear': 0.210025}","{'Openness': 0.0759568, 'Extraversion': 0.491026, 'Anger': 0.567893, 'Disgust': 0.444015, 'Sadness': 0.0684167, 'Conscientiousness': 0.116631, 'Fear': 0.186757, 'Tentative': 0.181208, 'Analytical': 0.461166, 'Agreeableness': 0.224299, 'Confident': 0.0361957, 'Emotional_Range': 0.0764899, 'Joy': 0.0516176}"
t3_469y33,"{'Openness': 0.044, 'Extraversion': 0.719, 'Anger': 0.805604, 'Sadness': 0.066205, 'Disgust': 0.082131, 'Conscientiousness': 0.015, 'Joy': 0.119213, 'Tentative': 0.282, 'Analytical': 0.0, 'Agreeableness': 0.418, 'Confident': 0.0, 'Emotional_Range': 0.987, 'Fear': 0.18081}","{'Openness': 0.547646, 'Extraversion': 0.0745196, 'Anger': 0.580451, 'Disgust': 0.584688, 'Sadness': 0.364061, 'Conscientiousness': 0.0479204, 'Fear': 0.162172, 'Tentative': 0.481315, 'Analytical': 0.0651806, 'Agreeableness': 0.0517448, 'Confident': 0.114004, 'Emotional_Range': 0.586123, 'Joy': 0.0534451}"
t3_4i442y,"{'Openness': 0.077, 'Extraversion': 0.832, 'Anger': 0.998907, 'Sadness': 0.045422, 'Disgust': 0.991542, 'Conscientiousness': 0.057, 'Joy': 0.042712, 'Tentative': 0.345, 'Analytical': 0.273, 'Agreeableness': 0.809, 'Confident': 0.0, 'Emotional_Range': 0.782, 'Fear': 0.033508}","{'Openness': 0.0519755, 'Extraversion': 0.354774, 'Anger': 0.568612, 'Disgust': 0.350079, 'Sadness': 0.113397, 'Conscientiousness': 0.0656489, 'Fear': 0.510869, 'Tentative': 0.533453, 'Analytical': 0.664845, 'Agreeableness': 0.322966, 'Confident': 0.036215, 'Emotional_Range': 0.172141, 'Joy': 0.0688576}"
t3_40oy28,"{'Openness': 0.158, 'Extraversion': 0.523, 'Anger': 0.78518, 'Sadness': 0.151617, 'Disgust': 0.191465, 'Conscientiousness': 0.1, 'Joy': 0.230235, 'Tentative': 0.816, 'Analytical': 0.0, 'Agreeableness': 0.59, 'Confident': 0.0, 'Emotional_Range': 0.939, 'Fear': 0.295049}","{'Openness': 0.0524296, 'Extraversion': 0.354801, 'Anger': 0.0442224, 'Disgust': 0.0435334, 'Sadness': 0.0665274, 'Conscientiousness': 0.0791565, 'Fear': 0.113648, 'Tentative': 0.179035, 'Analytical': 0.0419422, 'Agreeableness': 0.195547, 'Confident': 0.551255, 'Emotional_Range': 0.576415, 'Joy': 0.573483}"
t3_3vax9q,"{'Openness': 0.483, 'Extraversion': 0.682, 'Anger': 0.929002, 'Sadness': 0.051716, 'Disgust': 0.150076, 'Conscientiousness': 0.049, 'Joy': 0.189197, 'Tentative': 0.0, 'Analytical': 0.0, 'Agreeableness': 0.338, 'Confident': 0.293, 'Emotional_Range': 0.915, 'Fear': 0.056953}","{'Openness': 0.0759528, 'Extraversion': 0.283939, 'Anger': 0.0553107, 'Disgust': 0.405987, 'Sadness': 0.0490803, 'Conscientiousness': 0.232026, 'Fear': 0.0557587, 'Tentative': 0.281999, 'Analytical': 0.428638, 'Agreeableness': 0.509171, 'Confident': 0.268136, 'Emotional_Range': 0.148933, 'Joy': 0.38914}"
t3_3clnkp,"{'Openness': 0.167, 'Extraversion': 0.494, 'Anger': 0.539419, 'Sadness': 0.084195, 'Disgust': 0.058487, 'Conscientiousness': 0.248, 'Joy': 0.048367, 'Tentative': 0.858, 'Analytical': 0.0, 'Agreeableness': 0.764, 'Confident': 0.0, 'Emotional_Range': 0.861, 'Fear': 0.936636}","{'Openness': 0.0741507, 'Extraversion': 0.0904228, 'Anger': 0.0603961, 'Disgust': 0.0445198, 'Sadness': 0.0536639, 'Conscientiousness': 0.32703, 'Fear': 0.0799021, 'Tentative': 0.395172, 'Analytical': 0.103873, 'Agreeableness': 0.288256, 'Confident': 0.0713238, 'Emotional_Range': 0.136067, 'Joy': 0.474705}"
t3_3hfz0r,"{'Openness': 0.331, 'Extraversion': 0.624, 'Anger': 0.987477, 'Sadness': 0.046792, 'Disgust': 0.270023, 'Conscientiousness': 0.158, 'Joy': 0.046418, 'Tentative': 0.217, 'Analytical': 0.0, 'Agreeableness': 0.655, 'Confident': 0.0, 'Emotional_Range': 0.764, 'Fear': 0.576248}","{'Openness': 0.344946, 'Extraversion': 0.0953963, 'Anger': 0.505596, 'Disgust': 0.522527, 'Sadness': 0.583385, 'Conscientiousness': 0.103482, 'Fear': 0.200378, 'Tentative': 0.560317, 'Analytical': 0.0590787, 'Agreeableness': 0.064264, 'Confident': 0.0445406, 'Emotional_Range': 0.239184, 'Joy': 0.0710904}"
t3_4ie8h4,"{'Openness': 0.269, 'Extraversion': 0.493, 'Anger': 0.761136, 'Sadness': 0.038753, 'Disgust': 0.056912, 'Conscientiousness': 0.351, 'Joy': 0.094508, 'Tentative': 0.203, 'Analytical': 0.08, 'Agreeableness': 0.546, 'Confident': 0.0, 'Emotional_Range': 0.792, 'Fear': 0.335498}","{'Openness': 0.0874804, 'Extraversion': 0.455115, 'Anger': 0.108881, 'Disgust': 0.0608641, 'Sadness': 0.100186, 'Conscientiousness': 0.282919, 'Fear': 0.528425, 'Tentative': 0.0442838, 'Analytical': 0.721261, 'Agreeableness': 0.40091, 'Confident': 0.102621, 'Emotional_Range': 0.0860984, 'Joy': 0.162537}"
t3_3qz9d0,"{'Openness': 0.145, 'Extraversion': 0.785, 'Anger': 0.632934, 'Sadness': 0.456514, 'Disgust': 0.172391, 'Conscientiousness': 0.037, 'Joy': 0.038048, 'Tentative': 0.05, 'Analytical': 0.144, 'Agreeableness': 0.564, 'Confident': 0.0, 'Emotional_Range': 0.913, 'Fear': 0.55837}","{'Openness': 0.525241, 'Extraversion': 0.0554129, 'Anger': 0.577864, 'Disgust': 0.495717, 'Sadness': 0.264785, 'Conscientiousness': 0.437504, 'Fear': 0.426511, 'Tentative': 0.289777, 'Analytical': 0.0672387, 'Agreeableness': 0.0608368, 'Confident': 0.0466173, 'Emotional_Range': 0.0561982, 'Joy': 0.0485111}"
t3_3q1wwg,"{'Openness': 0.109, 'Extraversion': 0.761, 'Anger': 1.0, 'Sadness': 0.047021, 'Disgust': 0.081154, 'Conscientiousness': 0.11, 'Joy': 0.042852, 'Tentative': 0.691, 'Analytical': 0.0, 'Agreeableness': 0.759, 'Confident': 0.0, 'Emotional_Range': 0.803, 'Fear': 0.162506}","{'Openness': 0.0455259, 'Extraversion': 0.43308, 'Anger': 0.585393, 'Disgust': 0.474877, 'Sadness': 0.120166, 'Conscientiousness': 0.0534282, 'Fear': 0.373992, 'Tentative': 0.289714, 'Analytical': 0.200926, 'Agreeableness': 0.547987, 'Confident': 0.0457191, 'Emotional_Range': 0.477182, 'Joy': 0.103281}"
t3_3lgp9f,"{'Openness': 0.264, 'Extraversion': 0.544, 'Anger': 0.640808, 'Sadness': 0.069215, 'Disgust': 0.507246, 'Conscientiousness': 0.231, 'Joy': 0.040754, 'Tentative': 0.154, 'Analytical': 0.0, 'Agreeableness': 0.613, 'Confident': 0.0, 'Emotional_Range': 0.713, 'Fear': 0.328771}","{'Openness': 0.436969, 'Extraversion': 0.485075, 'Anger': 0.170448, 'Disgust': 0.169836, 'Sadness': 0.0660524, 'Conscientiousness': 0.136118, 'Fear': 0.338064, 'Tentative': 0.0476135, 'Analytical': 0.647406, 'Agreeableness': 0.0572781, 'Confident': 0.322673, 'Emotional_Range': 0.236181, 'Joy': 0.096071}"
t3_3h48c4,"{'Openness': 0.042, 'Extraversion': 0.763, 'Anger': 0.665266, 'Sadness': 0.153286, 'Disgust': 0.137826, 'Conscientiousness': 0.04, 'Joy': 0.088773, 'Tentative': 0.248, 'Analytical': 0.0, 'Agreeableness': 0.709, 'Confident': 0.0, 'Emotional_Range': 0.941, 'Fear': 0.145786}","{'Openness': 0.251085, 'Extraversion': 0.412355, 'Anger': 0.0517952, 'Disgust': 0.0550494, 'Sadness': 0.0527435, 'Conscientiousness': 0.146602, 'Fear': 0.3615, 'Tentative': 0.055987, 'Analytical': 0.0589854, 'Agreeableness': 0.113914, 'Confident': 0.903353, 'Emotional_Range': 0.344979, 'Joy': 0.578197}"
t3_3h5zog,"{'Openness': 0.322, 'Extraversion': 0.33, 'Anger': 0.909075, 'Sadness': 0.151755, 'Disgust': 0.201155, 'Conscientiousness': 0.309, 'Joy': 0.043049, 'Tentative': 0.131, 'Analytical': 0.077, 'Agreeableness': 0.556, 'Confident': 0.0, 'Emotional_Range': 0.794, 'Fear': 0.091713}","{'Openness': 0.308147, 'Extraversion': 0.0647479, 'Anger': 0.5392, 'Disgust': 0.566579, 'Sadness': 0.180097, 'Conscientiousness': 0.079941, 'Fear': 0.449147, 'Tentative': 0.468417, 'Analytical': 0.056122, 'Agreeableness': 0.236867, 'Confident': 0.0432351, 'Emotional_Range': 0.266369, 'Joy': 0.0912144}"
t3_3wyb1b,"{'Openness': 0.32, 'Extraversion': 0.544, 'Anger': 0.619433, 'Sadness': 0.338547, 'Disgust': 0.072198, 'Conscientiousness': 0.287, 'Joy': 0.123279, 'Tentative': 0.511, 'Analytical': 0.0, 'Agreeableness': 0.61, 'Confident': 0.0, 'Emotional_Range': 0.725, 'Fear': 0.779488}","{'Openness': 0.067547, 'Extraversion': 0.362487, 'Anger': 0.210388, 'Disgust': 0.382028, 'Sadness': 0.0787836, 'Conscientiousness': 0.193037, 'Fear': 0.24148, 'Tentative': 0.46794, 'Analytical': 0.151517, 'Agreeableness': 0.376434, 'Confident': 0.0470573, 'Emotional_Range': 0.523712, 'Joy': 0.189281}"
t3_3vpt7e,"{'Openness': 0.389, 'Extraversion': 0.614, 'Anger': 0.963715, 'Sadness': 0.078393, 'Disgust': 0.448454, 'Conscientiousness': 0.143, 'Joy': 0.474381, 'Tentative': 0.681, 'Analytical': 0.0, 'Agreeableness': 0.623, 'Confident': 0.0, 'Emotional_Range': 0.821, 'Fear': 0.074151}","{'Openness': 0.333423, 'Extraversion': 0.0882872, 'Anger': 0.265571, 'Disgust': 0.130569, 'Sadness': 0.164239, 'Conscientiousness': 0.276492, 'Fear': 0.297652, 'Tentative': 0.192233, 'Analytical': 0.334872, 'Agreeableness': 0.0870226, 'Confident': 0.755075, 'Emotional_Range': 0.418809, 'Joy': 0.251188}"
t3_4kcy37,"{'Openness': 0.339, 'Extraversion': 0.75, 'Anger': 0.939024, 'Sadness': 0.061196, 'Disgust': 0.489412, 'Conscientiousness': 0.154, 'Joy': 0.042061, 'Tentative': 0.51, 'Analytical': 0.0, 'Agreeableness': 0.653, 'Confident': 0.0, 'Emotional_Range': 0.645, 'Fear': 0.305438}","{'Openness': 0.0567303, 'Extraversion': 0.585056, 'Anger': 0.106184, 'Disgust': 0.0841206, 'Sadness': 0.122297, 'Conscientiousness': 0.0432747, 'Fear': 0.1304, 'Tentative': 0.542468, 'Analytical': 0.19187, 'Agreeableness': 0.108707, 'Confident': 0.0457528, 'Emotional_Range': 0.526134, 'Joy': 0.11644}"
t3_3f0pj3,"{'Openness': 0.061, 'Extraversion': 0.885, 'Anger': 0.82715, 'Sadness': 0.062338, 'Disgust': 0.411386, 'Conscientiousness': 0.017, 'Joy': 0.031434, 'Tentative': 0.689, 'Analytical': 0.32, 'Agreeableness': 0.562, 'Confident': 0.0, 'Emotional_Range': 0.96, 'Fear': 0.426193}","{'Openness': 0.211377, 'Extraversion': 0.0490707, 'Anger': 0.0572037, 'Disgust': 0.0764797, 'Sadness': 0.0932333, 'Conscientiousness': 0.300376, 'Fear': 0.0559176, 'Tentative': 0.0753288, 'Analytical': 0.727741, 'Agreeableness': 0.137526, 'Confident': 0.899342, 'Emotional_Range': 0.170419, 'Joy': 0.595399}"
t3_3z0qqx,"{'Openness': 0.388, 'Extraversion': 0.466, 'Anger': 0.570995, 'Sadness': 0.117577, 'Disgust': 0.205939, 'Conscientiousness': 0.342, 'Joy': 0.361791, 'Tentative': 0.767, 'Analytical': 0.231, 'Agreeableness': 0.724, 'Confident': 0.0, 'Emotional_Range': 0.64, 'Fear': 0.756097}","{'Openness': 0.564687, 'Extraversion': 0.0435945, 'Anger': 0.0764955, 'Disgust': 0.0833417, 'Sadness': 0.371553, 'Conscientiousness': 0.556211, 'Fear': 0.0700336, 'Tentative': 0.30139, 'Analytical': 0.722662, 'Agreeableness': 0.0609277, 'Confident': 0.193504, 'Emotional_Range': 0.0666474, 'Joy': 0.510989}"
t3_497ktb,"{'Openness': 0.199, 'Extraversion': 0.617, 'Anger': 0.870595, 'Sadness': 0.06482, 'Disgust': 0.213439, 'Conscientiousness': 0.063, 'Joy': 0.322268, 'Tentative': 0.708, 'Analytical': 0.0, 'Agreeableness': 0.494, 'Confident': 0.0, 'Emotional_Range': 0.887, 'Fear': 0.368169}","{'Openness': 0.22435, 'Extraversion': 0.328925, 'Anger': 0.132165, 'Disgust': 0.452122, 'Sadness': 0.397377, 'Conscientiousness': 0.202982, 'Fear': 0.0520895, 'Tentative': 0.239334, 'Analytical': 0.0462931, 'Agreeableness': 0.195887, 'Confident': 0.20685, 'Emotional_Range': 0.0705054, 'Joy': 0.280009}"
t3_3r7moo,"{'Openness': 0.234, 'Extraversion': 0.582, 'Anger': 0.573585, 'Sadness': 0.265215, 'Disgust': 0.403334, 'Conscientiousness': 0.015, 'Joy': 0.028843, 'Tentative': 0.026, 'Analytical': 0.0, 'Agreeableness': 0.166, 'Confident': 0.0, 'Emotional_Range': 0.968, 'Fear': 0.568839}","{'Openness': 0.510987, 'Extraversion': 0.14316, 'Anger': 0.369656, 'Disgust': 0.464061, 'Sadness': 0.0922867, 'Conscientiousness': 0.0893365, 'Fear': 0.419473, 'Tentative': 0.404484, 'Analytical': 0.26512, 'Agreeableness': 0.179626, 'Confident': 0.124618, 'Emotional_Range': 0.0873005, 'Joy': 0.0607971}"
t3_49a6fe,"{'Openness': 0.263, 'Extraversion': 0.638, 'Anger': 0.840974, 'Sadness': 0.070701, 'Disgust': 0.029781, 'Conscientiousness': 0.359, 'Joy': 0.344181, 'Tentative': 0.0, 'Analytical': 0.0, 'Agreeableness': 0.635, 'Confident': 0.181, 'Emotional_Range': 0.554, 'Fear': 0.348413}","{'Openness': 0.0621035, 'Extraversion': 0.446594, 'Anger': 0.471814, 'Disgust': 0.358271, 'Sadness': 0.38519, 'Conscientiousness': 0.0638326, 'Fear': 0.105248, 'Tentative': 0.415526, 'Analytical': 0.0475947, 'Agreeableness': 0.382254, 'Confident': 0.0739481, 'Emotional_Range': 0.355561, 'Joy': 0.224749}"
t3_49iku9,"{'Openness': 0.378, 'Extraversion': 0.524, 'Anger': 0.538575, 'Sadness': 0.05068, 'Disgust': 0.174436, 'Conscientiousness': 0.222, 'Joy': 0.082395, 'Tentative': 0.175, 'Analytical': 0.064, 'Agreeableness': 0.453, 'Confident': 0.0, 'Emotional_Range': 0.784, 'Fear': 0.217606}","{'Openness': 0.314099, 'Extraversion': 0.0850732, 'Anger': 0.224179, 'Disgust': 0.561731, 'Sadness': 0.562347, 'Conscientiousness': 0.407962, 'Fear': 0.156124, 'Tentative': 0.191936, 'Analytical': 0.11073, 'Agreeableness': 0.0663244, 'Confident': 0.470349, 'Emotional_Range': 0.065921, 'Joy': 0.13525}"
t3_4gql60,"{'Openness': 0.257, 'Extraversion': 0.661, 'Anger': 0.55401, 'Sadness': 0.064311, 'Disgust': 0.448579, 'Conscientiousness': 0.109, 'Joy': 0.047074, 'Tentative': 0.38, 'Analytical': 0.393, 'Agreeableness': 0.561, 'Confident': 0.0, 'Emotional_Range': 0.709, 'Fear': 0.673993}","{'Openness': 0.582379, 'Extraversion': 0.0500822, 'Anger': 0.282095, 'Disgust': 0.233117, 'Sadness': 0.174565, 'Conscientiousness': 0.509299, 'Fear': 0.239741, 'Tentative': 0.079107, 'Analytical': 0.0811497, 'Agreeableness': 0.0874157, 'Confident': 0.0491947, 'Emotional_Range': 0.0460667, 'Joy': 0.155132}"
t3_45gr5c,"{'Openness': 0.123, 'Extraversion': 0.669, 'Anger': 0.61054, 'Sadness': 0.052954, 'Disgust': 0.076291, 'Conscientiousness': 0.085, 'Joy': 0.059502, 'Tentative': 0.748, 'Analytical': 0.0, 'Agreeableness': 0.763, 'Confident': 0.0, 'Emotional_Range': 0.9, 'Fear': 0.077816}","{'Openness': 0.55211, 'Extraversion': 0.0956248, 'Anger': 0.205733, 'Disgust': 0.439084, 'Sadness': 0.121977, 'Conscientiousness': 0.254515, 'Fear': 0.3534, 'Tentative': 0.376802, 'Analytical': 0.653724, 'Agreeableness': 0.125561, 'Confident': 0.814074, 'Emotional_Range': 0.22827, 'Joy': 0.33734}"
t3_4mnwuh,"{'Openness': 0.368, 'Extraversion': 0.459, 'Anger': 0.635149, 'Sadness': 0.054149, 'Disgust': 0.23474, 'Conscientiousness': 0.276, 'Joy': 0.05826, 'Tentative': 0.831, 'Analytical': 0.623, 'Agreeableness': 0.657, 'Confident': 0.0, 'Emotional_Range': 0.712, 'Fear': 0.40244}","{'Openness': 0.547037, 'Extraversion': 0.045697, 'Anger': 0.0460882, 'Disgust': 0.0604917, 'Sadness': 0.539533, 'Conscientiousness': 0.414066, 'Fear': 0.507032, 'Tentative': 0.259456, 'Analytical': 0.422519, 'Agreeableness': 0.114757, 'Confident': 0.235062, 'Emotional_Range': 0.0742331, 'Joy': 0.179003}"
t3_4f3d7u,"{'Openness': 0.6, 'Extraversion': 0.573, 'Anger': 0.409063, 'Sadness': 0.299195, 'Disgust': 0.06906, 'Conscientiousness': 0.373, 'Joy': 0.300741, 'Tentative': 0.348, 'Analytical': 0.382, 'Agreeableness': 0.428, 'Confident': 0.0, 'Emotional_Range': 0.657, 'Fear': 0.166926}","{'Openness': 0.424595, 'Extraversion': 0.112867, 'Anger': 0.11371, 'Disgust': 0.294604, 'Sadness': 0.161313, 'Conscientiousness': 0.55884, 'Fear': 0.465318, 'Tentative': 0.0460947, 'Analytical': 0.048232, 'Agreeableness': 0.0531355, 'Confident': 0.499765, 'Emotional_Range': 0.0462727, 'Joy': 0.36549}"
t3_3go8ug,"{'Openness': 0.088, 'Extraversion': 0.868, 'Anger': 0.666467, 'Sadness': 0.042516, 'Disgust': 0.110681, 'Conscientiousness': 0.055, 'Joy': 0.044492, 'Tentative': 0.786, 'Analytical': 0.212, 'Agreeableness': 0.751, 'Confident': 0.0, 'Emotional_Range': 0.804, 'Fear': 0.36397}","{'Openness': 0.113732, 'Extraversion': 0.543923, 'Anger': 0.146345, 'Disgust': 0.370129, 'Sadness': 0.574313, 'Conscientiousness': 0.0849311, 'Fear': 0.34192, 'Tentative': 0.493025, 'Analytical': 0.264591, 'Agreeableness': 0.319116, 'Confident': 0.409425, 'Emotional_Range': 0.0787112, 'Joy': 0.0657935}"
t3_2y2o21,"{'Openness': 0.1, 'Extraversion': 0.834, 'Anger': 0.627077, 'Sadness': 0.083489, 'Disgust': 0.152162, 'Conscientiousness': 0.138, 'Joy': 0.050947, 'Tentative': 0.219, 'Analytical': 0.003, 'Agreeableness': 0.849, 'Confident': 0.0, 'Emotional_Range': 0.843, 'Fear': 0.084154}","{'Openness': 0.314311, 'Extraversion': 0.0609048, 'Anger': 0.151868, 'Disgust': 0.309928, 'Sadness': 0.423798, 'Conscientiousness': 0.593526, 'Fear': 0.379785, 'Tentative': 0.135433, 'Analytical': 0.093373, 'Agreeableness': 0.350753, 'Confident': 0.148886, 'Emotional_Range': 0.0426311, 'Joy': 0.375667}"
t3_2oepyd,"{'Openness': 0.537, 'Extraversion': 0.538, 'Anger': 0.907309, 'Sadness': 0.123387, 'Disgust': 0.412371, 'Conscientiousness': 0.386, 'Joy': 0.05729, 'Tentative': 0.256, 'Analytical': 0.161, 'Agreeableness': 0.468, 'Confident': 0.0, 'Emotional_Range': 0.631, 'Fear': 0.400399}","{'Openness': 0.199848, 'Extraversion': 0.0620328, 'Anger': 0.194766, 'Disgust': 0.101166, 'Sadness': 0.0900135, 'Conscientiousness': 0.123433, 'Fear': 0.0674407, 'Tentative': 0.422948, 'Analytical': 0.149819, 'Agreeableness': 0.249901, 'Confident': 0.496241, 'Emotional_Range': 0.38128, 'Joy': 0.377674}"
t3_31ezp2,"{'Openness': 0.542, 'Extraversion': 0.29, 'Anger': 0.827004, 'Sadness': 0.312994, 'Disgust': 0.043967, 'Conscientiousness': 0.303, 'Joy': 0.046154, 'Tentative': 0.0, 'Analytical': 0.095, 'Agreeableness': 0.351, 'Confident': 0.846, 'Emotional_Range': 0.793, 'Fear': 0.878909}","{'Openness': 0.532215, 'Extraversion': 0.135629, 'Anger': 0.0608661, 'Disgust': 0.302368, 'Sadness': 0.083434, 'Conscientiousness': 0.541638, 'Fear': 0.513295, 'Tentative': 0.0830582, 'Analytical': 0.0812947, 'Agreeableness': 0.0578224, 'Confident': 0.10766, 'Emotional_Range': 0.0782652, 'Joy': 0.468304}"
t3_33kazc,"{'Openness': 0.118, 'Extraversion': 0.821, 'Anger': 0.74694, 'Sadness': 0.049373, 'Disgust': 0.147188, 'Conscientiousness': 0.091, 'Joy': 0.516982, 'Tentative': 0.557, 'Analytical': 0.0, 'Agreeableness': 0.553, 'Confident': 0.0, 'Emotional_Range': 0.8, 'Fear': 0.659995}","{'Openness': 0.258253, 'Extraversion': 0.510333, 'Anger': 0.365131, 'Disgust': 0.140572, 'Sadness': 0.0437245, 'Conscientiousness': 0.0472919, 'Fear': 0.498348, 'Tentative': 0.0693258, 'Analytical': 0.504171, 'Agreeableness': 0.264969, 'Confident': 0.083512, 'Emotional_Range': 0.543757, 'Joy': 0.353035}"
t3_2ow0ee,"{'Openness': 0.135, 'Extraversion': 0.67, 'Anger': 1.0, 'Sadness': 0.061414, 'Disgust': 1.0, 'Conscientiousness': 0.073, 'Joy': 0.058532, 'Tentative': 0.337, 'Analytical': 0.333, 'Agreeableness': 0.593, 'Confident': 0.0, 'Emotional_Range': 0.902, 'Fear': 0.052218}","{'Openness': 0.067081, 'Extraversion': 0.249236, 'Anger': 0.562566, 'Disgust': 0.501335, 'Sadness': 0.0710493, 'Conscientiousness': 0.0626091, 'Fear': 0.583804, 'Tentative': 0.0452429, 'Analytical': 0.461671, 'Agreeableness': 0.448954, 'Confident': 0.0575276, 'Emotional_Range': 0.410422, 'Joy': 0.0470571}"
t3_2yjlxs,"{'Openness': 0.394, 'Extraversion': 0.543, 'Anger': 0.5835, 'Sadness': 0.065747, 'Disgust': 0.11154, 'Conscientiousness': 0.133, 'Joy': 0.227104, 'Tentative': 0.933, 'Analytical': 0.618, 'Agreeableness': 0.421, 'Confident': 0.0, 'Emotional_Range': 0.676, 'Fear': 0.226515}","{'Openness': 0.109089, 'Extraversion': 0.249611, 'Anger': 0.415462, 'Disgust': 0.534399, 'Sadness': 0.0882997, 'Conscientiousness': 0.0437691, 'Fear': 0.361038, 'Tentative': 0.400852, 'Analytical': 0.296599, 'Agreeableness': 0.235859, 'Confident': 0.108857, 'Emotional_Range': 0.290242, 'Joy': 0.143052}"
t3_28mh5d,"{'Openness': 0.109, 'Extraversion': 0.668, 'Anger': 0.945036, 'Sadness': 0.079516, 'Disgust': 0.397159, 'Conscientiousness': 0.048, 'Joy': 0.04696, 'Tentative': 0.86, 'Analytical': 0.0, 'Agreeableness': 0.618, 'Confident': 0.0, 'Emotional_Range': 0.929, 'Fear': 0.051739}","{'Openness': 0.0769045, 'Extraversion': 0.491809, 'Anger': 0.383287, 'Disgust': 0.423243, 'Sadness': 0.135816, 'Conscientiousness': 0.0592677, 'Fear': 0.0998706, 'Tentative': 0.0872729, 'Analytical': 0.15091, 'Agreeableness': 0.254577, 'Confident': 0.448581, 'Emotional_Range': 0.531992, 'Joy': 0.175408}"
t3_36d673,"{'Openness': 0.393, 'Extraversion': 0.501, 'Anger': 0.549862, 'Sadness': 0.04958, 'Disgust': 0.038216, 'Conscientiousness': 0.287, 'Joy': 0.106795, 'Tentative': 0.646, 'Analytical': 0.336, 'Agreeableness': 0.552, 'Confident': 0.0, 'Emotional_Range': 0.8, 'Fear': 0.154193}","{'Openness': 0.0671706, 'Extraversion': 0.247935, 'Anger': 0.0770801, 'Disgust': 0.0488308, 'Sadness': 0.0967104, 'Conscientiousness': 0.19415, 'Fear': 0.24836, 'Tentative': 0.0945909, 'Analytical': 0.323898, 'Agreeableness': 0.207263, 'Confident': 0.0764989, 'Emotional_Range': 0.428337, 'Joy': 0.459593}"
t3_264269,"{'Openness': 0.431, 'Extraversion': 0.439, 'Anger': 0.603638, 'Sadness': 0.062355, 'Disgust': 0.234831, 'Conscientiousness': 0.106, 'Joy': 0.118969, 'Tentative': 0.467, 'Analytical': 0.555, 'Agreeableness': 0.495, 'Confident': 0.0, 'Emotional_Range': 0.818, 'Fear': 0.247127}","{'Openness': 0.0430367, 'Extraversion': 0.220792, 'Anger': 0.530123, 'Disgust': 0.362188, 'Sadness': 0.191339, 'Conscientiousness': 0.0608268, 'Fear': 0.530899, 'Tentative': 0.352173, 'Analytical': 0.49922, 'Agreeableness': 0.369493, 'Confident': 0.0391293, 'Emotional_Range': 0.139544, 'Joy': 0.218232}"
t3_2l2emy,"{'Openness': 0.32, 'Extraversion': 0.555, 'Anger': 0.631063, 'Sadness': 0.072977, 'Disgust': 0.082723, 'Conscientiousness': 0.226, 'Joy': 0.050697, 'Tentative': 0.659, 'Analytical': 0.016, 'Agreeableness': 0.599, 'Confident': 0.0, 'Emotional_Range': 0.772, 'Fear': 0.948529}","{'Openness': 0.343184, 'Extraversion': 0.0758919, 'Anger': 0.0777551, 'Disgust': 0.47063, 'Sadness': 0.364382, 'Conscientiousness': 0.364627, 'Fear': 0.585932, 'Tentative': 0.229868, 'Analytical': 0.100529, 'Agreeableness': 0.41514, 'Confident': 0.0630611, 'Emotional_Range': 0.0605335, 'Joy': 0.0997674}"
t3_28g0im,"{'Openness': 0.302, 'Extraversion': 0.813, 'Anger': 0.568637, 'Sadness': 0.038195, 'Disgust': 0.061552, 'Conscientiousness': 0.127, 'Joy': 0.057146, 'Tentative': 0.635, 'Analytical': 0.0, 'Agreeableness': 0.574, 'Confident': 0.0, 'Emotional_Range': 0.764, 'Fear': 0.970197}","{'Openness': 0.183226, 'Extraversion': 0.263538, 'Anger': 0.401834, 'Disgust': 0.0589702, 'Sadness': 0.0640607, 'Conscientiousness': 0.201321, 'Fear': 0.525945, 'Tentative': 0.162395, 'Analytical': 0.118198, 'Agreeableness': 0.237923, 'Confident': 0.453343, 'Emotional_Range': 0.557733, 'Joy': 0.384918}"
t3_34se8s,"{'Openness': 0.159, 'Extraversion': 0.427, 'Anger': 0.594589, 'Sadness': 0.113239, 'Disgust': 0.047213, 'Conscientiousness': 0.13, 'Joy': 0.071168, 'Tentative': 0.73, 'Analytical': 0.208, 'Agreeableness': 0.666, 'Confident': 0.0, 'Emotional_Range': 0.885, 'Fear': 0.679322}","{'Openness': 0.480166, 'Extraversion': 0.0652228, 'Anger': 0.105449, 'Disgust': 0.0982523, 'Sadness': 0.0471465, 'Conscientiousness': 0.154703, 'Fear': 0.171207, 'Tentative': 0.163788, 'Analytical': 0.103938, 'Agreeableness': 0.0479641, 'Confident': 0.190527, 'Emotional_Range': 0.51735, 'Joy': 0.374397}"
t3_2otg5f,"{'Openness': 0.197, 'Extraversion': 0.797, 'Anger': 1.0, 'Sadness': 0.070387, 'Disgust': 0.449869, 'Conscientiousness': 0.06, 'Joy': 0.046087, 'Tentative': 0.205, 'Analytical': 0.247, 'Agreeableness': 0.634, 'Confident': 0.0, 'Emotional_Range': 0.828, 'Fear': 0.548146}","{'Openness': 0.395665, 'Extraversion': 0.537823, 'Anger': 0.494443, 'Disgust': 0.099857, 'Sadness': 0.0468052, 'Conscientiousness': 0.18906, 'Fear': 0.372742, 'Tentative': 0.0486556, 'Analytical': 0.146408, 'Agreeableness': 0.137075, 'Confident': 0.106201, 'Emotional_Range': 0.0660552, 'Joy': 0.0549799}"
t3_2xkd0t,"{'Openness': 0.247, 'Extraversion': 0.602, 'Anger': 0.90603, 'Sadness': 0.080197, 'Disgust': 0.175744, 'Conscientiousness': 0.112, 'Joy': 0.039921, 'Tentative': 0.814, 'Analytical': 0.039, 'Agreeableness': 0.607, 'Confident': 0.0, 'Emotional_Range': 0.858, 'Fear': 0.338675}","{'Openness': 0.590509, 'Extraversion': 0.0457033, 'Anger': 0.569641, 'Disgust': 0.430141, 'Sadness': 0.528342, 'Conscientiousness': 0.134444, 'Fear': 0.5809, 'Tentative': 0.272107, 'Analytical': 0.329935, 'Agreeableness': 0.0423029, 'Confident': 0.427194, 'Emotional_Range': 0.378713, 'Joy': 0.0426278}"
t3_2hocak,"{'Openness': 0.095, 'Extraversion': 0.828, 'Anger': 0.672763, 'Sadness': 0.152424, 'Disgust': 0.437352, 'Conscientiousness': 0.053, 'Joy': 0.039416, 'Tentative': 0.255, 'Analytical': 0.0, 'Agreeableness': 0.785, 'Confident': 0.0, 'Emotional_Range': 0.931, 'Fear': 0.088132}","{'Openness': 0.0448321, 'Extraversion': 0.590377, 'Anger': 0.344272, 'Disgust': 0.0638054, 'Sadness': 0.260982, 'Conscientiousness': 0.055946, 'Fear': 0.0477192, 'Tentative': 0.226093, 'Analytical': 0.112398, 'Agreeableness': 0.569881, 'Confident': 0.476617, 'Emotional_Range': 0.44237, 'Joy': 0.0641428}"
t3_27397w,"{'Openness': 0.112, 'Extraversion': 0.888, 'Anger': 0.59693, 'Sadness': 0.057333, 'Disgust': 0.425505, 'Conscientiousness': 0.087, 'Joy': 0.064972, 'Tentative': 0.495, 'Analytical': 0.051, 'Agreeableness': 0.859, 'Confident': 0.0, 'Emotional_Range': 0.84, 'Fear': 0.050507}","{'Openness': 0.20022, 'Extraversion': 0.140798, 'Anger': 0.0907007, 'Disgust': 0.131112, 'Sadness': 0.565746, 'Conscientiousness': 0.132099, 'Fear': 0.0496308, 'Tentative': 0.21845, 'Analytical': 0.050463, 'Agreeableness': 0.103185, 'Confident': 0.436529, 'Emotional_Range': 0.456172, 'Joy': 0.0555709}"
t3_2y1joo,"{'Openness': 0.247, 'Extraversion': 0.854, 'Anger': 0.770448, 'Sadness': 0.050252, 'Disgust': 0.071763, 'Conscientiousness': 0.168, 'Joy': 0.058774, 'Tentative': 0.0, 'Analytical': 0.0, 'Agreeableness': 0.649, 'Confident': 0.193, 'Emotional_Range': 0.713, 'Fear': 0.477368}","{'Openness': 0.385433, 'Extraversion': 0.428204, 'Anger': 0.113416, 'Disgust': 0.135625, 'Sadness': 0.261884, 'Conscientiousness': 0.406876, 'Fear': 0.0445697, 'Tentative': 0.058606, 'Analytical': 0.059152, 'Agreeableness': 0.513942, 'Confident': 0.865013, 'Emotional_Range': 0.192864, 'Joy': 0.542851}"
t3_2zufrn,"{'Openness': 0.233, 'Extraversion': 0.676, 'Anger': 0.985172, 'Sadness': 0.028211, 'Disgust': 0.442739, 'Conscientiousness': 0.019, 'Joy': 0.028617, 'Tentative': 0.558, 'Analytical': 0.0, 'Agreeableness': 0.132, 'Confident': 0.0, 'Emotional_Range': 0.934, 'Fear': 0.044355}","{'Openness': 0.211566, 'Extraversion': 0.0857285, 'Anger': 0.38348, 'Disgust': 0.126523, 'Sadness': 0.303563, 'Conscientiousness': 0.393507, 'Fear': 0.360053, 'Tentative': 0.182543, 'Analytical': 0.312155, 'Agreeableness': 0.0544664, 'Confident': 0.0615156, 'Emotional_Range': 0.045109, 'Joy': 0.14102}"
t3_2vrem5,"{'Openness': 0.297, 'Extraversion': 0.735, 'Anger': 0.922551, 'Sadness': 0.045224, 'Disgust': 0.283876, 'Conscientiousness': 0.151, 'Joy': 0.041895, 'Tentative': 0.0, 'Analytical': 0.058, 'Agreeableness': 0.407, 'Confident': 0.314, 'Emotional_Range': 0.78, 'Fear': 0.402051}","{'Openness': 0.396072, 'Extraversion': 0.580045, 'Anger': 0.18928, 'Disgust': 0.135276, 'Sadness': 0.0471681, 'Conscientiousness': 0.0711072, 'Fear': 0.124847, 'Tentative': 0.582726, 'Analytical': 0.479993, 'Agreeableness': 0.0894003, 'Confident': 0.145564, 'Emotional_Range': 0.176823, 'Joy': 0.488633}"
